player,player_id,position,team_name,player_game_count,avg_depth_of_target,avoided_tackles,caught_percent,contested_catch_rate,contested_receptions,contested_targets,declined_penalties,drop_rate,drops,first_downs,franchise_id,fumbles,grades_hands_drop,grades_hands_fumble,grades_offense,grades_pass_block,grades_pass_route,inline_rate,inline_snaps,interceptions,longest,pass_block_rate,pass_blocks,pass_plays,penalties,receptions,route_rate,routes,slot_rate,slot_snaps,targeted_qb_rating,targets,touchdowns,wide_rate,wide_snaps,yards,yards_after_catch,yards_after_catch_per_reception,yards_per_reception,yprr
Justin Jefferson,61398,WR,MIN,17,10.6,11,0.727272727,0.564102564,22,39,1,5.2,7,80,18,0,81,85.6,90.4,,90.5,0,0,5,64,0,0,736,4,128,0.9375,690,0.296195652,218,108.8,176,8,0.694293478,511,1809,632,4.9,14.1,2.62
Davante Adams,8688,WR,LV,17,12.8,16,0.595238095,0.441176471,15,34,0,5.7,6,66,23,1,76.9,59.2,90.1,66.1,90.5,0,0,6,60,0.00152207,1,657,2,100,0.940639269,618,0.299847793,197,102.2,168,14,0.695585997,457,1516,502,5,15.2,2.45
Tyreek Hill,10799,WR,MIA,17,12.7,12,0.71257485,0.52,13,25,1,3.3,4,77,17,1,90.2,65.5,92.1,,92.2,0.012323944,7,6,64,0,0,568,5,119,0.940140845,534,0.420774648,239,103.1,167,7,0.544014085,309,1710,487,4.1,14.4,3.2
Travis Kelce,7844,TE,KC,17,7.6,24,0.733333333,0.368421053,7,19,0,5.2,6,77,16,1,80.5,60.8,91.1,69.8,91.3,0.255639098,170,3,52,0.036090226,24,665,4,110,0.902255639,600,0.442105263,294,118.7,150,12,0.296240602,197,1338,664,6,12.2,2.23
Stefon Diggs,9579,WR,BUF,16,11.9,15,0.724832215,0.5,12,24,2,7.7,9,72,4,1,65.7,59.7,90.1,,90.1,0,0,1,53,0,0,607,5,108,0.94398682,573,0.341021417,207,124.3,149,11,0.658978583,400,1429,421,3.9,13.2,2.49
CeeDee Lamb,61570,WR,DAL,17,10.5,14,0.722972973,0.461538462,12,26,1,4.5,5,67,9,0,83.4,85.1,86.3,,87.5,0.003322259,2,4,39,0,0,602,4,107,0.948504983,571,0.624584718,376,109.6,148,9,0.362126246,218,1359,497,4.6,12.7,2.38
Diontae Johnson,33441,WR,PIT,17,10.7,15,0.609929078,0.363636364,8,22,1,8.5,8,45,25,1,57.6,57.4,69.6,,69.9,0,0,6,37,0,0,659,6,86,0.931714719,614,0.130500759,86,61.2,141,0,0.869499241,573,882,243,2.8,10.3,1.44
Garrett Wilson,97405,WR,NYJ,17,11,22,0.597122302,0.358974359,14,39,1,2.4,2,56,22,1,90.1,28.2,82.7,35.6,85.9,0.01300813,8,1,60,0.003252033,2,615,5,83,0.967479675,595,0.36097561,222,91.5,139,4,0.62601626,385,1103,389,4.7,13.3,1.85
D.K. Metcalf,47864,WR,SEA,17,12.1,6,0.647482014,0.476190476,20,42,1,5.3,5,47,29,2,78,29.5,75.3,,76.6,0,0,4,54,0,0,613,8,90,0.942903752,578,0.168026101,103,89.9,139,6,0.831973899,510,1048,231,2.6,11.6,1.81
Amon-Ra St. Brown,84470,WR,DET,16,6.7,9,0.762589928,0.384615385,5,13,0,3.6,4,68,11,0,88.1,84.9,90.7,64.9,90.4,0.003913894,2,1,49,0.001956947,1,511,0,106,0.945205479,483,0.598825832,306,111.8,139,6,0.387475538,198,1161,544,5.1,11,2.4
Michael Pittman Jr.,29049,WR,IND,16,7.7,5,0.712230216,0.5,15,30,0,4.8,5,51,14,2,81.4,34.3,70.6,,70.3,0.00148368,1,3,28,0,0,674,1,99,0.951038576,641,0.271513353,183,89.8,139,4,0.727002967,490,925,343,3.5,9.3,1.44
A.J. Brown,48327,WR,PHI,17,12.9,17,0.642335766,0.5,15,30,0,6.4,6,59,24,2,68.2,29.8,88,,89.2,0,0,3,78,0,0,611,2,88,0.94599018,578,0.25695581,157,118.8,137,11,0.741407529,453,1496,565,6.4,17,2.59
Chris Godwin,11839,WR,TB,15,6,11,0.759124088,0.576923077,15,26,0,4.6,5,53,30,2,82.9,35.2,75.1,73.9,76.4,0.001610306,1,1,44,0.003220612,2,621,4,104,0.935587762,581,0.729468599,453,100.7,137,3,0.267310789,166,1023,522,5,9.8,1.76
DeVonta Smith,61100,WR,PHI,17,9.9,11,0.71969697,0.423076923,11,26,0,5,5,56,24,1,79.2,83.8,81,,82,0,0,1,45,0,0,637,2,95,0.946624804,603,0.251177394,160,114.3,132,7,0.748822606,477,1196,487,5.1,12.6,1.98
Ja'Marr Chase,84270,WR,CIN,12,9.9,12,0.68503937,0.392857143,11,28,0,6.5,6,58,7,2,71.6,29.8,83.3,,84.4,0.001795332,1,4,60,0,0,557,3,87,0.929982047,518,0.229802513,128,104,127,9,0.761220826,424,1046,417,4.8,12,2.02
Amari Cooper,9437,WR,CLV,17,13.3,7,0.619047619,0.555555556,15,27,0,7.1,6,61,8,0,67.4,82.1,81.2,,83.6,0,0,3,55,0,0,603,5,78,0.932006633,562,0.248756219,150,105.9,126,9,0.749585406,452,1160,296,3.8,14.9,2.06
Mike Evans,8642,WR,TB,15,14.2,5,0.62601626,0.653846154,17,26,1,4.9,4,54,30,0,72.4,81.9,74,,75.6,0,0,7,63,0,0,665,4,77,0.941353383,626,0.266165414,177,85.2,123,6,0.733834586,488,1133,227,2.9,14.7,1.81
Christian Kirk,47546,WR,JAX,17,9.7,7,0.682926829,0.277777778,5,18,0,8.7,8,55,15,1,64.5,84.2,74.2,62.3,76.1,0.003062787,2,4,49,0.001531394,1,653,1,84,0.949464012,620,0.751914242,491,104.7,123,8,0.237366003,155,1108,387,4.6,13.2,1.79
Austin Ekeler,12164,HB,LAC,17,-0.8,27,0.869918699,0.4,2,5,0,4.5,5,37,27,2,83.7,46.4,81.4,33.4,80.9,0,0,0,23,0.10515873,53,504,0,107,0.865079365,436,0.091269841,46,104.7,123,5,0.031746032,16,723,855,8,6.8,1.66
T.J. Hockenson,40912,TE,MIN,17,7.9,10,0.699186992,0.517241379,15,29,0,6.5,6,43,18,1,71.7,82.7,70.2,51.1,73.3,0.485884101,327,4,81,0.099554235,67,673,6,86,0.85141159,573,0.343239227,231,94,123,6,0.170876672,115,914,426,5,10.6,1.6
Zay Jones,11792,WR,JAX,16,9.4,8,0.700854701,0.416666667,5,12,0,8.9,8,44,15,0,58.3,82.7,67.3,75.6,67.8,0,0,2,59,0.004942339,3,607,0,82,0.942339374,572,0.336079077,204,96.9,117,5,0.663920923,403,823,299,3.6,10,1.44
Terry McLaurin,48229,WR,WAS,17,13.1,11,0.669565217,0.653846154,17,26,0,3.8,3,56,32,0,82.8,52.7,79.9,,83,0,0,2,52,0,0,621,2,77,0.938808374,583,0.209339775,130,108.3,115,5,0.789049919,490,1191,396,5.1,15.5,2.04
Chris Olave,84355,WR,NO,15,14.9,2,0.631578947,0.333333333,8,24,2,4,3,48,20,2,81.9,27.4,82.5,,82.9,0.002222222,1,5,53,0,0,450,3,72,0.957777778,431,0.337777778,152,86.3,114,4,0.66,297,1044,219,3,14.5,2.42
Drake London,86519,WR,ATL,17,11.2,8,0.631578947,0.538461538,14,26,1,2.7,2,47,2,3,88,23.3,83.2,,85.3,0,0,3,40,0,0,439,2,72,0.954441913,419,0.216400911,95,87.1,114,4,0.783599089,344,866,231,3.2,12,2.07
Jaylen Waddle,84088,WR,MIA,17,12.2,7,0.657894737,0.25,5,20,0,9.6,8,60,17,1,54.8,51.6,83.9,65.7,85,0,0,2,84,0.001788909,1,559,1,75,0.937388193,524,0.245080501,137,122.6,114,8,0.742397138,415,1356,521,6.9,18.1,2.59
Brandon Aiyuk,84109,WR,SF,17,10.3,16,0.696428571,0.409090909,9,22,0,6,5,47,28,1,73.6,52.7,80.3,,80.9,0,0,1,54,0,0,566,3,78,0.939929329,532,0.24204947,137,118,112,8,0.75795053,429,1015,370,4.7,13,1.91
Mark Andrews,47436,TE,BLT,15,10.1,3,0.663636364,0.5,9,18,0,5.2,4,48,3,1,76.7,51,80.3,67.1,78.9,0.126914661,58,3,36,0.002188184,1,457,1,73,0.949671772,434,0.663019694,303,93.3,110,5,0.210065646,96,847,259,3.5,11.6,1.95
Tyler Lockett,9502,WR,SEA,16,11.4,5,0.770642202,0.384615385,5,13,0,2.3,2,50,29,1,90.1,30.6,78.9,65.3,78.7,0.008865248,5,5,40,0.00177305,1,564,1,84,0.943262411,532,0.423758865,239,114.2,109,9,0.560283688,316,1033,274,3.3,12.3,1.94
DJ Moore,48267,WR,CAR,17,14,9,0.577981651,0.565217391,13,23,1,4.5,3,44,5,0,77.9,82.1,73.9,,76.2,0.007407407,4,5,62,0,0,540,5,63,0.944444444,510,0.275925926,149,86.5,109,7,0.714814815,386,888,191,3,14.1,1.74
Courtland Sutton,48164,WR,DEN,15,13.3,3,0.603773585,0.424242424,14,33,0,8.6,6,38,10,0,60.7,81,69.3,,69.7,0.001736111,1,4,51,0,0,576,5,64,0.932291667,537,0.112847222,65,75.6,106,2,0.885416667,510,830,135,2.1,13,1.55
Tyler Higbee,10744,TE,LA,17,3.2,6,0.692307692,0.181818182,2,11,0,7.7,6,31,26,0,63.7,81.8,62.7,61.1,66.2,0.665427509,358,3,26,0.172862454,93,538,1,72,0.80669145,434,0.135687732,73,82.2,104,3,0.198884758,107,620,410,5.7,8.6,1.43
Tee Higgins,61211,WR,CIN,16,11.6,6,0.711538462,0.615384615,16,26,0,5.1,4,46,7,0,76.7,81.7,77.1,22.3,77.6,0.003539823,2,1,59,0,0,565,2,74,0.950442478,537,0.192920354,109,121,104,7,0.803539823,454,1029,280,3.8,13.9,1.92
Marquise Brown,61568,WR,ARZ,12,11.7,3,0.650485437,0.647058824,11,17,0,4.3,3,32,1,1,79.5,47.7,69.2,,69.6,0,0,7,47,0,0,523,2,67,0.940726577,492,0.349904398,183,66.4,103,3,0.646271511,338,709,243,3.6,10.6,1.44
Adam Thielen,8288,WR,MIN,17,10.5,1,0.67961165,0.210526316,4,19,0,1.4,1,45,18,0,90.4,81.5,65,56.2,65.6,0,0,3,36,0.0041841,3,717,1,70,0.940027894,674,0.327754533,235,95,103,6,0.672245467,482,716,161,2.3,10.2,1.06
Christian McCaffrey,11763,HB,SF,17,1.2,18,0.833333333,0.375,3,8,0,3.4,3,36,28,0,86.1,86.8,88.9,48.9,92.5,0.008421053,4,1,49,0.098947368,47,475,0,85,0.852631579,405,0.134736842,64,109.2,102,5,0.067368421,32,741,706,8.3,8.7,1.83
Jerry Jeudy,61103,WR,DEN,15,12.1,5,0.68,0.272727273,3,11,0,8.1,6,42,10,0,62.8,81.5,78.4,,77.9,0,0,2,67,0,0,479,1,68,0.943632568,452,0.540709812,259,111.5,100,6,0.459290188,220,987,418,6.1,14.5,2.18
Allen Lazard,48135,WR,GB,15,12.9,3,0.612244898,0.391304348,9,23,0,6.3,4,45,12,0,69.7,80.8,69,69.8,73.9,0.036750484,19,5,47,0.001934236,1,517,4,60,0.943907157,488,0.377176015,195,85.8,98,6,0.586073501,303,788,266,4.4,13.1,1.61
Joshua Palmer,62979,WR,LAC,16,9.2,5,0.734693878,0.538461538,7,13,0,5.3,4,39,27,1,76,49.4,65.5,64.9,66.6,0.001557632,1,2,50,0.001557632,1,642,1,72,0.964174455,619,0.258566978,166,97.7,98,3,0.739875389,475,768,251,3.5,10.7,1.24
Evan Engram,11778,TE,JAX,17,6.4,11,0.75257732,0.428571429,6,14,0,3.9,3,33,15,0,76.9,82,65.3,73.7,66.5,0.362218371,209,0,36,0.050259965,29,577,4,73,0.906412478,523,0.395147314,228,111.4,97,4,0.233968804,135,766,481,6.6,10.5,1.46
JuJu Smith-Schuster,11817,WR,KC,16,7.1,8,0.804123711,0.384615385,5,13,0,3.7,3,47,16,3,83.5,23.7,70.8,71.3,72.2,0,0,3,53,0.003577818,2,559,2,78,0.944543828,528,0.425760286,238,104.2,97,3,0.574239714,321,933,463,5.9,12,1.77
Pat Freiermuth,84085,TE,PIT,16,8.4,11,0.65625,0.416666667,10,24,1,4.5,3,37,25,0,78.8,80.8,75.5,72.3,78.3,0.581818182,288,4,57,0.060606061,30,495,4,63,0.878787879,435,0.363636364,180,78.1,96,2,0.052525253,26,732,289,4.6,11.6,1.68
Donovan Peoples-Jones,61439,WR,CLV,17,12.9,2,0.642105263,0.379310345,11,29,0,4.7,3,33,8,1,77.5,61.2,64.9,66.2,67.7,0,0,2,42,0.001623377,1,616,8,61,0.930194805,573,0.298701299,184,94.1,95,3,0.699675325,431,839,195,3.2,13.8,1.46
Cooper Kupp,11824,WR,LA,9,7.5,13,0.789473684,0.538461538,7,13,0,1.3,1,42,26,2,90.4,53.5,86.3,77.6,88.1,0,0,4,75,0.008547009,3,351,0,75,0.962962963,338,0.555555556,195,105.8,95,6,0.433048433,152,812,419,5.6,10.8,2.4
Gabe Davis,55410,WR,BUF,15,16.3,2,0.516129032,0.347826087,8,23,0,12.7,7,35,4,1,44.7,37.8,64.2,,64.1,0.004862237,3,6,98,0,0,617,3,48,0.944894652,583,0.094003241,58,80.7,93,7,0.901134522,556,835,141,2.9,17.4,1.43
Jakobi Meyers,47468,WR,NE,14,10.2,2,0.720430108,0.565217391,13,23,0,1.5,1,38,19,1,90.3,48.3,75.6,,75.8,0,0,0,48,0,0,453,3,67,0.933774834,423,0.695364238,315,119.6,93,6,0.29580574,134,803,242,3.6,12,1.9
DeAndre Hopkins,7808,WR,ARZ,9,10.7,5,0.688172043,0.523809524,11,21,0,1.5,1,35,1,2,90.1,25.5,72.9,,73.5,0,0,4,33,0,0,388,1,64,0.932989691,362,0.273195876,106,84.4,93,3,0.726804124,282,717,177,2.8,11.2,1.98
Mike Williams,11762,WR,LAC,13,12.7,4,0.7,0.576923077,15,26,0,1.6,1,39,27,0,90,80.6,78.9,,79.3,0,0,2,55,0,0,481,0,63,0.964656965,464,0.14968815,72,107.4,90,4,0.85031185,409,895,321,5.1,14.2,1.93
Mack Hollins,11873,WR,LV,17,13.1,5,0.640449438,0.4,6,15,0,6.6,4,34,23,0,68.2,80.7,63.8,77.9,61.4,0.001547988,1,3,60,0.00619195,4,646,7,57,0.936532508,605,0.142414861,92,88.7,89,4,0.856037152,553,690,206,3.6,12.1,1.14
Brandin Cooks,8655,WR,HST,13,11.9,1,0.636363636,0.555555556,10,18,0,9.7,6,29,13,0,57.2,80.6,72.3,,71.9,0.002222222,1,4,44,0,0,450,1,56,0.948888889,427,0.246666667,111,80.6,88,3,0.748888889,337,699,198,3.5,12.5,1.64
Deebo Samuel,48274,WR,SF,13,4.5,32,0.643678161,0.285714286,4,14,0,8.2,5,25,28,0,61.6,28,72.4,76.3,76.8,0.002506266,1,3,57,0.007518797,3,399,1,56,0.939849624,375,0.26566416,106,79.3,87,2,0.601503759,240,632,499,8.9,11.3,1.69
Rhamondre Stevenson,98689,HB,NE,17,-0.5,21,0.793103448,0,0,0,0,6.8,5,13,19,2,69.4,50.3,81.3,64.8,68,0.004474273,2,0,40,0.196868009,88,447,0,69,0.758389262,339,0.085011186,38,90.7,87,1,0.029082774,13,421,499,7.2,6.1,1.24
Curtis Samuel,11795,WR,WAS,17,6.9,7,0.735632184,0.444444444,8,18,0,4.5,3,36,32,0,79.6,61,70.5,69.2,70.2,0.001831502,1,2,49,0.001831502,1,546,1,64,0.935897436,511,0.712454212,389,100.5,87,4,0.252747253,138,655,293,4.6,10.2,1.28
Dalton Schultz,47304,TE,DAL,15,7.7,6,0.662790698,0.642857143,9,14,1,8.1,5,27,9,1,62.9,41.8,67.8,46.7,65.3,0.457556936,221,5,30,0.082815735,40,483,4,57,0.865424431,418,0.391304348,189,80.4,86,5,0.126293996,61,577,207,3.6,10.1,1.38
K.J. Osborn,23503,WR,MIN,17,8.6,6,0.705882353,0.363636364,4,11,0,0,0,32,18,1,90.8,45.7,65.1,71.5,65.3,0,0,2,66,0.006299213,4,635,2,60,0.933858268,593,0.590551181,375,102.6,85,5,0.407874016,259,650,302,5,10.8,1.1
Keenan Allen,7857,WR,LAC,10,9,1,0.776470588,0.416666667,5,12,0,0,0,39,27,1,90.9,45.4,84.8,72.2,84.8,0,0,2,46,0.008108108,3,370,0,66,0.962162162,356,0.643243243,238,109.4,85,4,0.351351351,130,752,251,3.8,11.4,2.11
Parris Campbell,47940,WR,IND,17,6.5,13,0.741176471,0.333333333,4,12,0,4.5,3,32,14,1,71.3,81.3,60.8,,61.2,0.001574803,1,6,49,0,0,635,2,63,0.949606299,603,0.820472441,521,76.7,85,3,0.177952756,113,623,285,4.5,9.9,1.03
George Pickens,99229,WR,PIT,17,15.6,7,0.619047619,0.678571429,19,28,0,7.1,4,38,25,0,67.8,80.6,68.8,,69.3,0.003231018,2,0,42,0,0,619,3,52,0.936995153,580,0.13085622,81,109.3,84,4,0.865912763,536,801,110,2.1,15.4,1.38
Tyler Conklin,47124,TE,NYJ,17,7.9,3,0.698795181,0.692307692,9,13,0,6.5,4,25,22,2,69.3,43.1,58.6,37.6,60.6,0.60877193,347,4,30,0.10877193,62,570,2,58,0.854385965,487,0.294736842,168,80,83,3,0.092982456,53,552,282,4.9,9.5,1.13
Robert Woods,7822,WR,TEN,17,8.7,0,0.646341463,0.466666667,7,15,0,7,4,31,31,0,66.6,57.3,68,,66,0.00407332,2,3,41,0,0,491,1,53,0.945010183,464,0.266802444,131,75.6,82,2,0.720977597,354,527,160,3,9.9,1.14
Gerald Everett,11799,TE,LAC,16,6.1,14,0.707317073,0.571428571,8,14,0,7.9,5,29,27,0,62.9,80.2,67.1,76.1,70.2,0.451219512,222,2,26,0.071138211,35,492,1,58,0.906504065,446,0.398373984,196,95.3,82,4,0.142276423,70,555,335,5.8,9.6,1.24
George Kittle,11901,TE,SF,15,7.7,10,0.75,0.5625,9,16,1,3.2,2,36,28,1,84.4,44.4,82,36.8,84,0.576540755,290,2,54,0.067594433,34,503,5,60,0.880715706,443,0.300198807,151,133.6,80,11,0.105367793,53,765,388,6.5,12.8,1.73
Tyler Boyd,10689,WR,CIN,16,9.9,3,0.725,0.642857143,9,14,0,1.7,1,41,7,0,89.5,80.7,71.1,54.6,70.8,0.004983389,3,5,60,0.006644518,4,602,0,58,0.930232558,560,0.843853821,508,97,80,5,0.151162791,91,762,246,4.2,13.1,1.36
Marvin Jones Jr.,7158,WR,JAX,16,14.2,0,0.575,0.666666667,10,15,1,11.5,6,29,15,0,55.3,78.9,60.4,67.4,60.5,0,0,3,37,0.002016129,1,496,1,46,0.955645161,474,0.141129032,70,74.4,80,3,0.858870968,426,529,96,2.1,11.5,1.12
Leonard Fournette,11759,HB,TB,16,-0.6,21,0.924050633,0.666666667,2,3,0,5.2,4,26,30,0,76.3,90.9,68,34.2,78.8,0,0,0,44,0.122105263,58,475,1,73,0.823157895,391,0.010526316,5,106.9,79,3,0.035789474,17,523,572,7.8,7.2,1.34
David Njoku,11784,TE,CLV,14,7.8,6,0.734177215,0.538461538,7,13,0,6.5,4,36,8,1,70.2,43.5,73.7,76.3,78.7,0.521829522,251,2,38,0.091476091,44,481,1,58,0.841995842,405,0.357588358,172,102.7,79,4,0.112266112,54,628,341,5.9,10.8,1.55
Chase Claypool,42312,WR,CHI,15,11,3,0.605263158,0.473684211,9,19,1,4.2,2,24,6,1,77,41.9,61.8,69.6,62.7,0.004405286,2,5,31,0.004405286,2,454,2,46,0.931718062,423,0.605726872,275,54.2,76,1,0.389867841,177,451,142,3.1,9.8,1.07
Alec Pierce,78038,WR,IND,16,12.2,3,0.539473684,0.428571429,12,28,0,8.9,4,28,14,1,51.5,29.9,61.3,,61.1,0,0,2,47,0,0,501,1,41,0.954091816,478,0.067864271,34,77.4,76,2,0.932135729,467,593,111,2.7,14.5,1.24
Marquez Valdes-Scantling,47809,WR,KC,17,14.9,0,0.552631579,0.384615385,5,13,0,10.6,5,32,16,0,52.2,78.6,62.6,,63.2,0.005093379,3,1,57,0,0,589,2,42,0.94057725,554,0.388794567,229,89.1,76,2,0.606112054,357,687,127,3,16.4,1.24
Demarcus Robinson,10760,WR,BLT,17,9.9,8,0.648648649,0.5,4,8,0,9.4,5,23,3,2,56,23.9,64.9,,64.3,0,0,4,31,0,0,373,1,48,0.957104558,357,0.080428954,30,68.4,74,2,0.919571046,343,458,150,3.1,9.5,1.28
Saquon Barkley,45791,HB,NYG,16,-0.4,7,0.780821918,0.333333333,2,6,0,9.5,6,10,21,0,51.8,88.3,77.2,75.5,55.1,0.037190083,18,1,41,0.171487603,83,484,0,57,0.783057851,379,0.041322314,20,80.3,73,0,0.037190083,18,338,443,7.8,5.9,0.89
Aaron Jones,11937,HB,GB,17,-0.2,8,0.819444444,1,3,3,0,9.2,6,19,12,2,57.2,37.4,86.1,50.6,64.6,0.056603774,21,0,30,0.107816712,40,371,0,59,0.851752022,316,0.115902965,43,112.7,72,5,0.129380054,48,395,482,8.2,6.7,1.25
Michael Gallup,26075,WR,DAL,14,12.2,1,0.541666667,0.421052632,8,19,0,9.3,4,25,9,0,56.9,77.9,62.8,,62.2,0,0,4,27,0,0,444,0,39,0.952702703,423,0.078828829,35,67.1,72,4,0.921171171,409,424,110,2.8,10.9,1
Chris Moore,10741,WR,HST,16,9.6,10,0.666666667,0.428571429,6,14,1,5.9,3,24,13,0,70.9,79.5,63.2,70,64.2,0.010775862,5,3,52,0.004310345,2,464,1,48,0.950431034,441,0.650862069,302,81.3,72,2,0.338362069,157,548,267,5.6,11.4,1.24
Alvin Kamara,11822,HB,NO,15,1.2,15,0.802816901,0.25,1,4,0,8.1,5,17,20,2,61.9,49.9,72.7,20.2,65.4,0,0,0,54,0.137640449,49,356,0,57,0.828651685,295,0.042134831,15,104.8,71,2,0.064606742,23,490,469,8.2,8.6,1.66
Darius Slayton,25578,WR,NYG,16,12.6,4,0.657142857,0.533333333,8,15,0,11.5,6,30,21,2,48.4,23.7,68.5,67.3,69.3,0.004640371,2,2,55,0.002320186,1,431,1,46,0.939675174,405,0.283062645,122,97.6,70,2,0.709976798,306,724,267,5.8,15.7,1.79
Joe Mixon,11803,HB,CIN,14,0.3,11,0.857142857,0.25,1,4,0,6.3,4,17,7,0,71.3,91,79.3,38.1,79.5,0,0,0,35,0.147453083,55,373,1,60,0.806970509,301,0.048257373,18,102.4,70,2,0.101876676,38,441,468,7.8,7.4,1.47
Russell Gage,44771,WR,TB,13,5.9,4,0.728571429,0.666666667,6,9,0,7.3,4,31,30,1,66.7,38.8,67.7,,66.9,0,0,0,23,0,0,390,0,51,0.948717949,370,0.356410256,139,112,70,5,0.643589744,251,426,177,3.5,8.4,1.15
Noah Brown,11993,WR,DAL,16,11.7,5,0.614285714,0.409090909,9,22,0,8.5,4,25,9,1,60.5,31.2,59.5,77,60.7,0,0,4,51,0.018442623,9,488,2,43,0.926229508,452,0.444672131,217,76.8,70,3,0.555327869,271,555,125,2.9,12.9,1.23
Cole Kmet,60995,TE,CHI,17,8.2,6,0.724637681,0.333333333,2,6,0,3.8,2,27,6,1,79.6,39,67.6,68.8,66.1,0.432485323,221,5,50,0.115459883,59,511,5,50,0.837573386,428,0.422700587,216,98.9,69,7,0.133072407,68,544,293,5.9,10.9,1.27
Jerick McKinnon,8731,HB,KC,17,0.7,10,0.808823529,0,0,1,0,5.2,3,28,16,1,74.4,67,63.2,32.6,78.6,0.025287356,11,1,56,0.140229885,61,435,3,55,0.788505747,343,0.029885057,13,131.6,68,9,0.050574713,22,513,548,10,9.3,1.5
Richie James,28991,WR,NYG,15,7,2,0.850746269,0.666666667,6,9,0,5,3,29,21,0,75.9,27.4,71.6,68.1,72.4,0.002717391,1,0,33,0.005434783,2,368,2,57,0.934782609,344,0.845108696,311,122,67,4,0.149456522,55,569,183,3.2,10,1.65
Dallas Goedert,47272,TE,PHI,12,6.1,6,0.820895522,0.375,3,8,0,3.5,2,40,24,1,82,43,76.2,57.1,81.7,0.451073986,189,0,31,0.035799523,15,419,4,55,0.918854415,385,0.434367542,182,125.2,67,3,0.107398568,45,702,428,7.8,12.8,1.82
Zach Ertz,7816,TE,ARZ,10,8,4,0.712121212,0.384615385,5,13,0,6,3,24,1,0,85.8,79.7,62.5,29.6,66.6,0.257907543,106,1,32,0.01946472,8,411,5,47,0.912408759,375,0.576642336,237,100.9,66,4,0.136253041,56,406,136,2.9,8.6,1.08
Christian Watson,66581,WR,GB,14,14.3,4,0.630769231,0.75,9,12,0,10.9,5,28,12,0,50.7,80.1,77.1,,77.8,0.010638298,3,1,63,0,0,282,0,41,0.957446809,270,0.315602837,89,123.3,65,7,0.670212766,189,611,264,6.4,14.9,2.26
Dawson Knox,35883,TE,BUF,15,8.1,4,0.738461538,0.375,3,8,0,9.4,5,25,4,0,56.6,79.1,65.1,66.9,62.9,0.314711359,169,3,45,0.072625698,39,537,0,48,0.878957169,472,0.47858473,257,108.3,65,6,0.124767225,67,517,209,4.4,10.8,1.1
Hayden Hurst,47294,TE,CIN,13,5.3,5,0.8,0.666666667,8,12,0,3.7,2,25,7,0,80.7,79.7,65,31,67.2,0.51536643,218,1,29,0.028368794,12,423,3,52,0.917257683,388,0.281323877,119,97.1,65,2,0.189125296,80,414,188,3.6,8,1.07
Greg Dortch,42237,WR,ARZ,16,4.6,13,0.8125,0.363636364,4,11,1,0,0,19,1,0,90.5,88.4,64.2,,67.6,0,0,0,47,0,0,366,3,52,0.945355191,346,0.827868852,303,107.1,64,2,0.158469945,58,461,308,5.9,8.9,1.33
DeAndre Carter,9859,WR,LAC,17,9.7,1,0.71875,0.333333333,3,9,0,4.2,2,29,27,1,77,51.4,61.6,68.8,63.9,0.003868472,2,1,35,0.005802708,3,517,0,46,0.96131528,497,0.589941973,305,106.1,64,3,0.398452611,206,538,206,4.5,11.7,1.08
Nico Collins,61441,WR,HST,10,12.8,3,0.578125,0.75,12,16,0,0,0,21,13,0,90,77.6,72.4,,72,0,0,1,58,0,0,305,1,37,0.937704918,286,0.098360656,30,85.5,64,2,0.901639344,275,481,144,3.9,13,1.68
Romeo Doubs,84329,WR,GB,13,9.8,1,0.65625,0.333333333,5,15,0,10.6,5,20,12,2,51.5,23.5,62.6,,62,0,0,0,26,0,0,331,0,42,0.942598187,312,0.223564955,74,100.1,64,3,0.776435045,257,425,194,4.6,10.1,1.36
Cade Otton,61071,TE,TB,16,5.8,2,0.666666667,0.166666667,1,6,0,6.7,3,19,30,0,62,79.3,56.6,78.3,55.3,0.402298851,210,0,35,0.049808429,26,522,3,42,0.890804598,465,0.478927203,250,94.1,63,2,0.11302682,59,391,188,4.5,9.3,0.84
Noah Fant,42388,TE,SEA,17,6.9,1,0.793650794,0,0,6,0,0,0,24,29,0,90.5,79.5,66,53.9,69,0.40625,169,0,51,0.09375,39,416,2,50,0.841346154,350,0.403846154,168,120,63,4,0.144230769,60,486,226,4.5,9.7,1.39
Robert Tonyan,12193,TE,GB,17,6,3,0.841269841,0.5,3,6,1,1.9,1,20,12,0,88,79.8,57.7,35.3,60.5,0.4275,171,2,24,0.025,10,400,3,53,0.925,370,0.3775,151,95.1,63,2,0.195,78,470,244,4.6,8.9,1.27
D'Andre Swift,57212,HB,DET,14,0.4,10,0.761904762,0,0,2,0,7.7,4,17,11,1,56.6,71.7,78.1,73.9,66,0,0,0,25,0.088560886,24,271,0,48,0.870848708,236,0.05904059,16,107.2,63,3,0.099630996,27,389,457,9.5,8.1,1.65
Kalif Raymond,11028,WR,DET,17,10,2,0.758064516,0.428571429,3,7,0,0,0,24,11,1,90.3,40.8,72.1,72,72.7,0.005780347,2,0,56,0.005780347,2,346,0,47,0.930635838,322,0.459537572,159,106.7,62,0,0.523121387,181,616,227,4.8,13.1,1.91
Isaiah McKenzie,11927,WR,BUF,15,8.3,7,0.677419355,0.444444444,4,9,0,10.6,5,27,4,0,51.4,81.6,65.8,,65.7,0,0,2,30,0,0,404,0,42,0.948019802,383,0.801980198,324,95,62,4,0.195544554,79,423,129,3.1,10.1,1.1
Juwan Johnson,28305,TE,NO,16,9.8,8,0.68852459,0.363636364,4,11,0,6.7,3,24,20,0,59.1,78.3,64.7,65.6,66.5,0.349009901,141,2,41,0.054455446,22,404,2,42,0.903465347,365,0.5,202,118.8,61,7,0.148514851,60,508,163,3.9,12.1,1.39
Josh Jacobs,45953,HB,LV,17,0.4,5,0.868852459,1,1,1,0,5.4,3,16,23,1,75.7,73.8,91.6,56.3,64.8,0,0,0,43,0.1901566,85,447,0,53,0.762863535,341,0.011185682,5,94,61,0,0.071588367,32,400,381,7.2,7.5,1.17
Olamide Zaccheaus,44920,WR,ATL,17,11.8,7,0.655737705,0.4,2,5,1,2.4,1,25,2,1,82.3,30,64.6,69.4,67.4,0,0,0,45,0.007772021,3,386,3,40,0.937823834,362,0.60880829,235,109.5,61,3,0.388601036,150,533,202,5.1,13.3,1.47
Elijah Moore,84302,WR,NYJ,16,12.6,11,0.627118644,0.166666667,1,6,1,0,0,22,22,1,90,78.7,57.5,,58.1,0.001945525,1,1,42,0,0,514,2,37,0.963035019,495,0.496108949,255,84.4,59,1,0.501945525,258,446,96,2.6,12.1,0.9
Darnell Mooney,48236,WR,CHI,12,12.6,3,0.689655172,0.833333333,5,6,0,2.4,1,20,6,0,82.2,78.2,69.2,68.2,68.9,0,0,2,56,0.005934718,2,337,0,40,0.925816024,312,0.605341246,204,92.1,58,2,0.379821958,128,493,170,4.3,12.3,1.58
Ben Skowronek,27948,WR,LA,14,8,2,0.672413793,0.4,2,5,0,2.5,1,16,26,0,81.8,78.1,57.2,78.7,56.4,0.015765766,7,2,32,0.054054054,24,444,2,39,0.925675676,411,0.439189189,195,70.8,58,0,0.5,222,376,143,3.7,9.6,0.91
Corey Davis,11760,WR,NYJ,13,14.5,0,0.551724138,0.473684211,9,19,0,8.6,3,28,22,0,60.5,77,65.9,79.8,67.9,0.014423077,6,2,66,0.004807692,2,416,5,32,0.951923077,396,0.182692308,76,83.7,58,2,0.802884615,334,536,116,3.6,16.8,1.35
Antonio Gibson,78050,HB,WAS,15,1.2,12,0.807017544,0.4,2,5,0,6.1,3,18,32,0,70.5,80,76.3,75.1,80.5,0,0,1,26,0.142857143,42,294,0,46,0.80952381,238,0.074829932,22,96.9,57,2,0.119047619,35,353,305,6.6,7.7,1.48
Hunter Henry,10669,TE,NE,17,7.9,2,0.719298246,0.444444444,4,9,0,6.8,3,23,19,0,66.9,78.6,58.1,64.5,61.4,0.432989691,210,1,39,0.086597938,42,485,4,41,0.863917526,419,0.432989691,210,103.6,57,2,0.103092784,50,509,206,5,12.4,1.21
Logan Thomas,8755,TE,WAS,14,7,0,0.684210526,0.6,6,10,0,4.9,2,15,32,0,75.1,78.3,52,34.1,57.6,0.256594724,107,2,27,0.081534772,34,417,3,39,0.877697842,366,0.635491607,265,73.9,57,1,0.103117506,43,323,131,3.4,8.3,0.88
Rachaad White,131633,HB,TB,17,-0.4,10,0.892857143,1,1,1,0,3.8,2,13,30,1,79.7,47.1,66.4,45.2,69.2,0,0,0,20,0.137380192,43,313,0,50,0.821086262,257,0.028753994,9,100.1,56,2,0.047923323,15,290,326,6.5,5.8,1.13
James Conner,11860,HB,ARZ,13,-1.3,17,0.821428571,0,0,0,0,11.5,6,13,1,0,54.5,54.4,69.7,73.8,51.4,0.002325581,1,1,22,0.195348837,84,430,1,46,0.772093023,332,0.106976744,46,87.6,56,1,0.065116279,28,301,386,8.4,6.5,0.91
Kyle Pitts,83964,TE,ATL,10,13.7,3,0.5,0.25,3,12,0,3.4,1,20,2,0,76.7,76.3,72.7,70.9,76.6,0.256302521,61,1,33,0.06302521,15,238,1,28,0.886554622,211,0.445378151,106,74.7,56,2,0.277310924,66,356,133,4.8,12.7,1.69
Isaiah Likely,83955,TE,BLT,16,7.4,4,0.642857143,0.545454545,6,11,0,10,4,18,3,0,55.3,77.9,66.4,35.5,64.1,0.186440678,55,1,34,0.027118644,8,295,1,36,0.908474576,268,0.616949153,182,93.8,56,3,0.193220339,57,373,150,4.2,10.4,1.39
Austin Hooper,10715,TE,TEN,17,8.5,4,0.732142857,0.6,9,15,0,2.4,1,28,31,0,83.5,78.7,68.8,24.2,74.6,0.338068182,119,0,24,0.039772727,14,352,4,41,0.909090909,320,0.528409091,186,108,56,2,0.133522727,47,444,134,3.3,10.8,1.39
Josh Reynolds,11872,WR,DET,14,13.2,1,0.678571429,0.666666667,6,9,2,5,2,25,11,0,73.2,77.9,64.1,70,64.2,0,0,1,31,0.004938272,2,405,2,38,0.948148148,384,0.365432099,148,104.7,56,3,0.634567901,257,479,117,3.1,12.6,1.25
Jahan Dotson,84375,WR,WAS,12,15.4,2,0.625,0.611111111,11,18,0,7.9,3,26,32,0,63.4,78,70.5,,74,0,0,4,61,0,0,403,3,35,0.933002481,376,0.263027295,106,102.9,56,7,0.736972705,297,523,144,4.1,14.9,1.39
Rondale Moore,62890,WR,ARZ,8,5.2,7,0.745454545,0.2,1,5,1,8.9,4,16,1,0,60.4,79.3,63.4,,63.6,0,0,0,38,0,0,301,1,41,0.933554817,281,0.568106312,171,101.6,55,1,0.408637874,123,414,291,7.1,10.1,1.47
Jauan Jennings,48027,WR,SF,16,8.8,6,0.660377358,0.5,2,4,1,10.3,4,23,28,1,49.3,28.7,66.3,57.6,67.3,0,0,3,44,0.003095975,1,323,3,35,0.941176471,304,0.535603715,173,72.5,53,1,0.464396285,150,416,176,5,11.9,1.37
Treylon Burks,99218,WR,TEN,11,12.4,4,0.622641509,0.583333333,7,12,1,2.9,1,19,31,0,79.6,78.1,74.1,,73.9,0.003773585,1,4,51,0,0,265,5,33,0.958490566,254,0.20754717,55,70,53,2,0.788679245,209,444,177,5.4,13.5,1.75
Najee Harris,57121,HB,PIT,17,1.7,13,0.773584906,0.125,1,8,0,8.9,4,16,25,1,59,76,73.5,64.4,61.9,0.016587678,7,0,19,0.234597156,99,422,1,41,0.703791469,297,0.037914692,16,103.4,53,3,0.049763033,21,229,203,5,5.6,0.77
Greg Dulcich,84068,TE,DEN,10,12.7,3,0.647058824,0.4,2,5,1,8.3,3,19,10,0,62.9,77.4,60.4,27.7,67.6,0.335260116,116,3,39,0.034682081,12,346,1,33,0.913294798,316,0.580924855,201,78.1,51,2,0.083815029,29,411,147,4.5,12.5,1.3
Dalvin Cook,11796,HB,MIN,17,-0.5,10,0.764705882,0.142857143,1,7,0,9.3,4,16,18,1,51.4,54.4,67.4,47.3,61.6,0.082116788,45,0,64,0.246350365,135,548,1,39,0.718978102,394,0.012773723,7,103,51,2,0.063868613,35,295,332,8.5,7.6,0.75
DJ Chark Jr.,47702,WR,DET,11,15.9,3,0.588235294,0.5,8,16,0,9.1,3,24,11,0,57.8,76.5,69.6,,69.6,0,0,1,51,0,0,351,0,30,0.971509972,341,0.253561254,89,103.6,51,3,0.746438746,262,502,138,4.6,16.7,1.47
Allen Robinson II,8696,WR,LA,10,10.1,2,0.647058824,0.533333333,8,15,0,5.7,2,23,26,0,69.5,77,65.8,67.6,64.8,0,0,1,29,0.005333333,2,375,1,33,0.970666667,364,0.336,126,95.1,51,3,0.664,249,339,71,2.2,10.3,0.93
Tony Pollard,27126,HB,DAL,16,1.5,3,0.78,0,0,2,0,2.5,1,18,9,0,82.2,90.8,89.5,75.3,75.7,0,0,0,68,0.17721519,56,316,0,39,0.775316456,245,0.075949367,24,117.6,50,3,0.113924051,36,371,347,8.9,9.5,1.51
Mike Gesicki,47153,TE,MIA,17,10.4,1,0.64,0.222222222,2,9,0,5.9,2,19,17,0,68.8,76.8,59.9,54.9,61.7,0.263959391,104,2,32,0.050761421,20,394,1,32,0.898477157,354,0.510152284,201,102.3,50,5,0.218274112,86,362,98,3.1,11.3,1.02
Nelson Agholor,9453,WR,NE,16,12.1,4,0.62,0.285714286,2,7,0,11.4,4,12,19,2,49.8,20.6,56.4,76.5,57.7,0,0,3,44,0.012779553,4,313,0,31,0.942492013,295,0.300319489,94,72.3,50,2,0.696485623,218,362,145,4.7,11.7,1.23
Hunter Renfrow,47509,WR,LV,10,6.5,7,0.734693878,0.75,3,4,0,0,0,18,23,3,90,21.4,65.6,,64.8,0,0,4,27,0,0,308,0,36,0.948051948,292,0.86038961,265,71,49,2,0.136363636,42,330,161,4.5,9.2,1.13
Rex Burkhead,7971,HB,HST,16,1.7,2,0.755102041,0.25,1,4,0,2.6,1,8,13,0,81.5,82.5,59.1,47.5,61.9,0,0,1,17,0.131004367,30,229,0,37,0.825327511,189,0.152838428,35,80.7,49,1,0.082969432,19,204,223,6,5.5,1.08
Jordan Akins,47050,TE,HST,15,8.5,6,0.755102041,0.625,5,8,1,2.6,1,23,13,1,81.8,29.3,72.4,61.3,74.3,0.478527607,156,2,46,0.030674847,10,326,2,37,0.929447853,303,0.401840491,131,124.1,49,5,0.119631902,39,495,270,7.3,13.4,1.63
Foster Moreau,47043,TE,LV,15,8.1,3,0.673469388,0.363636364,4,11,0,5.7,2,24,23,1,70.1,77.1,61.1,72,69.7,0.396226415,168,2,33,0.148584906,63,424,4,33,0.808962264,343,0.438679245,186,90.5,49,2,0.146226415,62,420,241,7.3,12.7,1.22
Quez Watkins,61664,WR,PHI,17,9.6,4,0.673469388,0.111111111,1,9,0,0,0,13,24,1,79.4,30,55.1,66.2,56.5,0,0,3,53,0.002347418,1,426,1,33,0.94600939,403,0.755868545,322,83.2,49,3,0.244131455,104,354,151,4.6,10.7,0.88
Randall Cobb,6216,WR,GB,13,10.2,4,0.708333333,0.25,2,8,0,5.6,2,19,12,1,70.1,79.1,70.1,36.3,71.3,0,0,1,40,0.003831418,1,261,0,34,0.954022989,249,0.800766284,209,95.6,48,1,0.187739464,49,417,182,5.4,12.3,1.67
Trent Sherfield,48021,WR,MIA,17,11.5,1,0.625,0.625,5,8,0,3.2,1,18,17,0,78.4,76.8,63.1,71.8,61.3,0,0,2,75,0.004716981,2,424,3,30,0.948113208,402,0.507075472,215,86.9,48,2,0.488207547,207,417,142,4.7,13.9,1.04
Devin Singletary,40485,HB,BUF,16,0.5,7,0.808510638,0,0,0,0,9.5,4,15,4,0,55.9,51.9,75.9,69.4,56.6,0,0,0,22,0.174097665,82,471,0,38,0.791932059,373,0.129511677,61,98.6,47,1,0.059447983,28,280,259,6.8,7.4,0.75
DeVante Parker,9447,WR,NE,13,16.8,2,0.659574468,0.526315789,10,19,0,0,0,25,19,0,88,76.6,74.1,48.8,74,0,0,4,43,0.002949853,1,339,1,31,0.932153392,316,0.085545723,29,90.7,47,3,0.914454277,310,540,105,3.4,17.4,1.71
Terrace Marshall Jr.,84271,WR,CAR,14,12.7,4,0.595744681,0.368421053,7,19,0,6.7,2,23,5,2,65.8,26.7,67.7,,66.7,0.002906977,1,0,43,0,0,344,0,28,0.947674419,326,0.090116279,31,102.3,47,1,0.906976744,312,490,143,5.1,17.5,1.5
Michael Carter,57337,HB,NYJ,16,0.6,5,0.872340426,0.666666667,4,6,0,2.4,1,12,22,1,82.6,72.7,61.3,30.2,65.4,0.133333333,44,0,37,0.16969697,56,330,1,41,0.809090909,267,0.048484848,16,92.2,47,0,0.039393939,13,288,275,6.7,7,1.08
Kendrick Bourne,12270,WR,NE,16,10.6,3,0.744680851,0.4,2,5,1,7.9,3,22,19,2,64.1,23.4,63.6,,67.8,0,0,2,41,0,0,310,4,35,0.95483871,296,0.270967742,84,92,47,1,0.729032258,226,434,144,4.1,12.4,1.47
Devin Duvernay,40006,WR,BLT,14,10,2,0.787234043,0.6,3,5,0,2.6,1,19,3,0,80.8,89.5,67.2,,66.2,0.002673797,1,1,31,0,0,374,0,37,0.941176471,352,0.334224599,125,115.2,47,3,0.663101604,248,407,160,4.3,11,1.16
Samaje Perine,11869,HB,CIN,16,-0.3,12,0.808510638,0,0,0,0,5,2,11,7,0,72.6,88.9,71.7,72.7,62.3,0.003215434,1,0,32,0.167202572,52,311,0,38,0.768488746,239,0.090032154,28,120.5,47,4,0.07073955,22,287,324,8.5,7.6,1.2
A.J. Green,6156,WR,ARZ,15,11.7,2,0.52173913,0.5,7,14,0,7.7,2,11,1,0,66.6,76.3,55.5,,55.1,0,0,3,77,0,0,384,3,24,0.942708333,362,0.130208333,50,54.3,46,2,0.869791667,334,236,58,2.4,9.8,0.65
Isaiah Hodgins,52130,WR,NYG,10,9.3,4,0.822222222,0.666666667,6,9,0,0,0,24,21,1,90.1,29.7,76.6,,75.8,0,0,1,29,0,0,277,0,37,0.945848375,262,0.133574007,37,123.3,45,4,0.866425993,240,392,94,2.5,10.6,1.5
Chigoziem Okonkwo,84000,TE,TEN,17,8,7,0.711111111,0.625,5,8,0,8.6,3,22,31,0,61.2,77.6,75.4,67.6,84.6,0.43814433,85,0,48,0.072164948,14,194,3,32,0.886597938,172,0.345360825,67,125.1,45,3,0.139175258,27,449,250,7.8,14,2.61
Nick Westbrook-Ikhine,47861,WR,TEN,17,13.7,2,0.555555556,0.3,6,20,0,10.7,3,18,31,0,55.1,75.9,59.8,38.3,57.9,0,0,2,63,0.002257336,1,443,2,25,0.945823928,419,0.553047404,245,88.8,45,3,0.44469526,197,397,108,4.3,15.9,0.95
Van Jefferson,47447,WR,LA,11,16.6,1,0.545454545,0.375,3,8,0,4,1,20,26,0,74.9,75.7,68.4,,67.7,0.003225806,1,3,39,0,0,310,0,24,0.964516129,299,0.290322581,90,76.8,44,3,0.706451613,219,369,34,1.4,15.4,1.23
Tyquan Thornton,78092,WR,NE,13,14.9,1,0.511627907,0.2,1,5,0,12,3,13,19,0,49.5,75.9,55.2,,54.3,0,0,2,29,0,0,348,0,22,0.936781609,326,0.24137931,84,64.8,43,2,0.75862069,264,247,66,3,11.2,0.76
Robbie Chosen,11254,WR,ARZ,16,14.6,0,0.465116279,0.222222222,2,9,0,4.8,1,10,1,1,70.5,24.3,51.2,,52.6,0,0,1,75,0,0,343,1,20,0.941690962,323,0.142857143,49,66.2,43,1,0.857142857,294,282,97,4.9,14.1,0.87
Julio Jones,6158,WR,TB,10,15.1,2,0.558139535,0.285714286,2,7,0,0,0,13,30,0,85.7,77,65.1,,63.7,0,0,0,48,0,0,264,0,24,0.928030303,245,0.276515152,73,93.1,43,2,0.723484848,191,299,123,5.1,12.5,1.22
Travis Etienne Jr.,57185,HB,JAX,17,-0.5,1,0.813953488,0,0,1,0,7.9,3,16,15,2,64.1,47.9,72.1,49.3,49.8,0,0,0,30,0.177339901,72,406,0,35,0.778325123,316,0.032019704,13,97.3,43,0,0.066502463,27,316,357,10.2,9,1
Harrison Bryant,26394,TE,CLV,17,6,6,0.738095238,0.5,3,6,0,11.4,4,12,8,0,50.6,77.1,59.3,76.8,54.9,0.456375839,136,0,30,0.097315436,29,298,0,31,0.83557047,249,0.389261745,116,95.2,42,1,0.134228188,40,239,112,3.6,7.7,0.96
Darren Waller,9637,TE,LV,9,14,0,0.666666667,0.428571429,3,7,1,6.7,2,18,23,0,66.6,76.3,72.4,36,74.5,0.173584906,46,2,34,0.018867925,5,265,2,28,0.928301887,246,0.618867925,164,100.1,42,3,0.2,53,388,77,2.8,13.9,1.58
Kareem Hunt,11841,HB,CLV,17,-0.4,12,0.853658537,0.666666667,2,3,0,5.4,2,11,8,0,72,73.7,67,54.6,66.4,0.074850299,25,0,24,0.176646707,59,334,1,35,0.760479042,254,0.047904192,16,96.1,41,1,0.068862275,23,210,236,6.7,6,0.83
Scott Miller,47481,WR,TB,14,13,1,0.575,0.357142857,5,14,0,4.2,1,8,30,0,72.8,75.4,55.9,,55.4,0,0,0,23,0,0,200,1,23,0.945,189,0.235,47,69.3,40,0,0.765,153,185,36,1.6,8,0.98
Marquise Goodwin,7859,WR,SEA,13,11.3,3,0.692307692,0.5,4,8,0,6.9,2,18,29,0,65.8,76.7,64.5,65.8,64.5,0.003144654,1,1,38,0.003144654,1,318,1,27,0.940251572,299,0.588050314,187,124.6,39,4,0.402515723,128,387,120,4.4,14.3,1.29
Derrick Henry,10679,HB,TEN,16,-0.1,6,0.846153846,0.666666667,2,3,0,10.8,4,11,31,2,54.3,46.9,85.9,66.9,46.8,0.003773585,1,0,69,0.211320755,56,265,1,33,0.720754717,191,0.022641509,6,109.2,39,0,0.056603774,15,398,397,12,12.1,2.08
J.D. McKissic,11047,HB,WAS,8,1.3,1,0.692307692,0,0,3,0,10,3,7,32,0,57.2,80.9,54.2,43.7,54.4,0,0,2,14,0.128342246,24,187,0,27,0.823529412,154,0.160427807,30,56.9,39,0,0.117647059,22,173,152,5.6,6.4,1.12
Raheem Mostert,9783,HB,MIA,16,1,12,0.794871795,0.5,1,2,0,6.1,2,11,17,0,68.1,82.6,75.7,54.1,60.8,0,0,1,25,0.094674556,32,338,0,31,0.869822485,294,0.162721893,55,94.7,39,2,0.065088757,22,202,188,6.1,6.5,0.69
David Montgomery,45719,HB,CHI,16,1.1,10,0.871794872,0.5,1,2,0,2.9,1,10,6,1,80.5,69,67.9,57.4,64,0,0,1,32,0.158357771,54,341,0,34,0.791788856,270,0.093841642,32,98.3,39,1,0.082111437,28,316,288,8.5,9.3,1.17
Trey McBride,75916,TE,ARZ,15,6.1,1,0.743589744,0.428571429,3,7,0,3.3,1,12,1,1,77.8,27.8,50.9,81.2,53.6,0.468319559,170,0,29,0.074380165,27,363,4,29,0.873278237,317,0.333333333,121,100.9,39,1,0.104683196,38,265,117,4,9.1,0.84
Phillip Dorsett,9462,WR,HST,15,11.5,0,0.512820513,0.5,2,4,2,9.1,2,11,13,0,59.2,74.9,55.7,,56.6,0,0,2,34,0,0,306,3,20,0.941176471,288,0.189542484,58,59.5,39,1,0.810457516,248,257,57,2.9,12.9,0.89
Kylen Granson,40630,TE,IND,13,6.2,3,0.794871795,0.5,2,4,0,6.1,2,17,14,1,61.3,28.8,58.5,47.8,65.1,0.377431907,97,3,32,0.046692607,12,257,1,31,0.898832685,231,0.517509728,133,66.9,39,0,0.105058366,27,302,134,4.3,9.7,1.31
AJ Dillon,57165,HB,GB,17,0.1,4,0.717948718,1,2,2,0,15.2,5,9,12,1,39.8,79.5,81.4,70.3,50.6,0.025396825,8,0,17,0.142857143,45,315,0,28,0.8,252,0.041269841,13,83.9,39,0,0.057142857,18,206,206,7.4,7.4,0.82
Shi Smith,61643,WR,CAR,16,8.8,4,0.578947368,0.25,2,8,0,8.3,2,14,5,1,61.3,27.4,52.1,,53,0.00295858,1,3,38,0,0,338,2,22,0.949704142,321,0.786982249,266,67.4,38,2,0.210059172,71,296,95,4.3,13.5,0.92
Will Dissly,30762,TE,SEA,15,5.3,4,0.894736842,0.666666667,2,3,0,5.6,2,20,29,0,70.1,77.5,70.8,65.6,70.8,0.642172524,201,0,38,0.143769968,45,313,1,34,0.811501597,254,0.207667732,65,131.3,38,3,0.086261981,27,349,186,5.5,10.3,1.37
Equanimeous St. Brown,47967,WR,CHI,16,12.8,0,0.552631579,0.285714286,2,7,0,4.5,1,14,6,1,71.3,76.5,64.2,80.5,60.9,0.019607843,6,3,56,0.026143791,8,306,0,21,0.91503268,280,0.307189542,94,59.4,38,1,0.673202614,206,323,98,4.7,15.4,1.15
Jonnu Smith,11855,TE,NE,14,3.4,11,0.72972973,0.375,3,8,0,0,0,9,19,0,86.5,25.6,52.9,71.2,72.1,0.595238095,125,1,53,0.138095238,29,210,1,27,0.814285714,171,0.276190476,58,79.2,37,0,0.09047619,19,245,202,7.5,9.1,1.43
Nyheim Hines,48103,HB,BUF,16,3,7,0.810810811,0.5,1,2,0,6.3,2,11,4,0,67.3,70.7,63.3,71,77.8,0.013605442,2,0,22,0.047619048,7,147,0,30,0.925170068,136,0.25170068,37,102.8,37,1,0.108843537,16,241,198,6.6,8,1.77
Jarvis Landry,8698,WR,NO,9,9.6,6,0.675675676,0.5,3,6,0,0,0,12,20,1,86.5,77.8,67.3,,66.5,0.009049774,2,2,40,0,0,221,1,25,0.936651584,207,0.701357466,155,75.5,37,1,0.28959276,64,272,62,2.5,10.9,1.31
Jeff Wilson Jr.,29413,HB,MIA,16,2.1,3,0.611111111,0.5,1,2,0,4.3,1,7,17,1,72.3,49.8,66.9,36.9,50.6,0.006644518,2,1,16,0.096345515,29,301,1,22,0.840531561,253,0.132890365,40,72.1,36,1,0.109634551,33,185,153,7,8.4,0.73
Dante Pettis,48113,WR,CHI,17,10.2,3,0.527777778,0.222222222,2,9,0,13.6,3,9,6,0,49.5,84.5,53.3,75.3,53.5,0.003058104,1,1,51,0.006116208,2,327,3,19,0.941896024,308,0.437308869,143,90.6,36,3,0.559633028,183,245,62,3.3,12.9,0.8
Dameon Pierce,83659,HB,HST,13,-0.6,13,0.833333333,0,0,0,1,11.8,4,7,13,0,50.6,46,78.9,32.3,55.4,0,0,1,16,0.210727969,55,261,1,30,0.735632184,192,0.038314176,10,83.4,36,1,0.045977011,12,165,200,6.7,5.5,0.86
Jelani Woods,60509,TE,IND,15,10.7,2,0.694444444,0.571428571,4,7,0,7.4,2,16,14,1,64.1,26.2,64.9,33.1,68,0.408888889,92,1,36,0.026666667,6,225,0,25,0.92,207,0.386666667,87,112.3,36,3,0.204444444,46,312,114,4.6,12.5,1.51
Cameron Brate,9207,TE,TB,11,7.1,4,0.571428571,0.25,2,8,0,9.1,2,8,30,0,58.1,74.4,53.2,79.1,54.4,0.245136187,63,1,21,0.015564202,4,257,1,20,0.937743191,241,0.544747082,140,58.5,35,0,0.210116732,54,174,71,3.6,8.7,0.72
Tutu Atwell,77965,WR,LA,13,17.9,2,0.514285714,0.571428571,4,7,0,5.3,1,11,26,0,68.7,77,70.1,,70.2,0.005376344,1,1,62,0,0,186,0,18,0.956989247,178,0.543010753,101,78,35,1,0.446236559,83,298,66,3.7,16.6,1.67
Irv Smith Jr.,42060,TE,MIN,8,5.1,2,0.735294118,0.25,1,4,0,3.8,1,9,18,1,74.2,25.9,56.6,44.4,56.6,0.601895735,127,1,17,0.099526066,21,211,1,25,0.843601896,178,0.208530806,44,93,34,2,0.184834123,39,182,98,3.9,7.3,1.02
Kenneth Walker III,97199,HB,SEA,15,-2.1,9,0.794117647,1,1,1,0,3.6,1,6,29,0,76.1,91,76.7,32,56,0,0,1,33,0.164556962,52,316,1,27,0.78164557,247,0.07278481,23,74.6,34,0,0.129746835,41,165,224,8.3,6.1,0.67
Rashid Shaheed,63707,WR,NO,12,11.6,0,0.823529412,0,0,1,0,0,0,18,20,1,86.9,89.8,80.8,,78.6,0,0,0,68,0,0,193,0,28,0.974093264,188,0.259067358,50,138.4,34,2,0.735751295,142,487,173,6.2,17.4,2.59
Deon Jackson,57189,HB,IND,12,-0.4,5,0.882352941,0,0,0,0,3.2,1,10,14,0,77.3,61.2,62.9,53.1,69.3,0,0,1,27,0.16,28,175,0,30,0.811428571,142,0.017142857,3,89.8,34,1,0.102857143,18,209,231,7.7,7,1.47
Noah Gray,60878,TE,KC,17,5.3,4,0.823529412,0.25,1,4,0,3.4,1,14,16,0,76.7,77.6,63.7,40.6,63.7,0.670694864,222,0,27,0.111782477,37,331,1,28,0.854984894,283,0.208459215,69,113.1,34,1,0.117824773,39,299,182,6.5,10.7,1.06
Jonathan Taylor,57488,HB,IND,11,-2.1,6,0.823529412,0,0,1,0,6.7,2,4,14,0,67.3,53.6,67.6,28.5,57.7,0,0,1,19,0.127035831,39,307,0,28,0.833876221,256,0.026058632,8,71.9,34,0,0.035830619,11,143,210,7.5,5.1,0.56
Mecole Hardman Jr.,42683,WR,KC,8,8.3,2,0.757575758,1,2,2,0,7.4,2,14,16,0,52.9,80.5,67.9,,65.8,0.00456621,1,0,36,0,0,219,0,25,0.913242009,200,0.520547945,114,142.3,33,4,0.456621005,100,297,164,6.6,11.9,1.49
Nick Chubb,45783,HB,CLV,17,0.6,9,0.818181818,1,2,2,0,3.6,1,12,8,0,76.1,87.7,90.3,61.8,58.5,0.021604938,7,0,26,0.160493827,52,324,0,27,0.783950617,254,0.033950617,11,106.9,33,1,0.104938272,34,239,261,9.7,8.9,0.94
Daniel Bellinger,84041,TE,NYG,12,4.2,0,0.909090909,1,3,3,0,3.2,1,14,21,1,78.4,27.9,61.3,52.1,58.6,0.583333333,189,0,24,0.083333333,27,324,2,30,0.861111111,279,0.24382716,79,120.8,33,2,0.154320988,50,269,154,5.1,9,0.96
James Cook,83666,HB,BUF,15,2.3,4,0.636363636,0,0,2,0,8.7,2,5,4,0,59.2,65,78.2,54.6,71.8,0,0,1,41,0.089041096,13,146,1,21,0.863013699,126,0.082191781,12,75.3,33,1,0.123287671,18,180,140,6.7,8.6,1.43
Marquez Callaway,42295,WR,NO,13,12.5,1,0.5,0.4,4,10,0,11.1,2,11,20,0,52.8,77.1,59.7,,58.8,0,0,2,33,0,0,197,0,16,0.954314721,188,0.07106599,14,48.7,32,1,0.92893401,183,158,39,2.4,9.9,0.84
David Bell,97989,WR,CLV,16,6.6,2,0.75,0.444444444,4,9,0,7.7,2,7,8,0,63.4,76,52.5,69.2,52.1,0,0,3,20,0.009174312,3,327,0,24,0.932721713,305,0.721712538,236,53.4,32,0,0.278287462,91,214,74,3.1,8.9,0.7
Skyy Moore,97116,WR,KC,15,8.8,7,0.6875,0.333333333,1,3,0,4.3,1,13,16,0,72.1,83.3,70.9,,70,0.011049724,2,3,30,0,0,181,0,22,0.922651934,167,0.491712707,89,52.9,32,0,0.491712707,89,250,146,6.6,11.4,1.5
Laviska Shenault Jr.,61220,WR,CAR,12,-0.8,15,0.84375,0.5,1,2,0,3.6,1,10,5,0,75.5,78.5,85,,86.5,0.082474227,8,0,67,0,0,97,1,27,0.969072165,94,0.515463918,50,112.5,32,1,0.391752577,38,272,335,12.4,10.1,2.89
Justin Watson,66915,WR,KC,17,20.3,0,0.46875,0.25,1,4,0,21.1,4,12,16,0,29.7,78.1,52.7,83.1,53.1,0.006349206,2,1,67,0.006349206,2,315,1,15,0.936507937,295,0.320634921,101,90,32,2,0.673015873,212,315,55,3.7,21,1.07
Colby Parkinson,52266,TE,SEA,17,8.4,0,0.78125,0.4,2,5,0,0,0,14,29,0,85.7,75.5,70.5,73.7,69.2,0.516528926,125,0,39,0.099173554,24,242,2,25,0.855371901,207,0.326446281,79,129.4,32,2,0.128099174,31,322,149,6,12.9,1.56
Ameer Abdullah,9487,HB,LV,15,2.8,2,0.78125,0,0,2,0,0,0,8,23,0,86.1,83.8,66.4,29.8,81.1,0,0,0,23,0.171597633,29,169,1,25,0.792899408,134,0.017751479,3,104.6,32,1,0.053254438,9,211,199,8,8.4,1.57
Jaylen Warren,98692,HB,PIT,16,-0.9,10,0.875,1,2,2,0,6.7,2,14,25,0,67.5,63.8,73.8,43.4,79.8,0.051502146,12,0,26,0.227467811,53,233,0,28,0.738197425,172,0.042918455,10,94.5,32,0,0.034334764,8,214,236,8.4,7.6,1.24
Kendall Hinton,34045,WR,DEN,12,8.7,3,0.774193548,0,0,0,0,11.1,3,14,10,0,41.4,78.3,58.5,,59.1,0,0,0,35,0,0,314,0,24,0.910828025,286,0.522292994,164,108.4,31,0,0.477707006,150,311,135,5.6,13,1.09
Cordarrelle Patterson,7810,HB,ATL,13,2,4,0.677419355,0.5,2,4,0,4.5,1,6,2,0,72.1,76.5,81,59.5,65.6,0.004878049,1,2,16,0.126829268,26,205,0,21,0.829268293,170,0.151219512,31,48.1,31,0,0.185365854,38,122,120,5.7,5.8,0.72
Braxton Berrios,47961,WR,NYJ,16,6.7,1,0.580645161,0.666666667,4,6,0,10,2,8,22,0,70.7,70.3,62.8,,60.2,0.005291005,1,1,25,0,0,189,0,18,0.952380952,180,0.608465608,115,56.5,31,0,0.37037037,70,145,95,5.3,8.1,0.81
Tommy Tremble,84025,TE,CAR,17,8.6,2,0.612903226,0.333333333,1,3,0,9.5,2,9,5,0,56.9,24.4,49.5,81,45.8,0.762773723,209,1,29,0.03649635,10,274,2,19,0.897810219,246,0.164233577,45,95.4,31,3,0.058394161,16,174,68,3.6,9.2,0.71
Latavius Murray,7962,HB,DEN,13,-1.9,4,0.870967742,0,0,0,0,0,0,4,10,0,87.3,90.5,82.5,43.6,65.6,0.008097166,2,0,15,0.178137652,44,247,1,27,0.773279352,191,0.052631579,13,84.4,31,0,0.036437247,9,132,188,7,4.9,0.69
Brandon Powell,48036,WR,LA,17,1.4,1,0.774193548,0.5,1,2,0,0,0,7,26,0,85.7,90.3,65.8,74.3,65.8,0.006578947,1,0,16,0.026315789,4,152,0,24,0.953947368,145,0.519736842,79,87.6,31,0,0.388157895,59,156,184,7.7,6.5,1.08
Eno Benjamin,57136,HB,NO,14,-1.3,11,0.833333333,0.5,1,2,1,7.4,2,10,20,0,64.1,87.9,72.2,57.5,62.3,0,0,0,22,0.094420601,22,233,2,25,0.836909871,195,0.141630901,33,93.5,30,0,0.072961373,17,193,238,9.5,7.7,0.99
Jamal Agnew,11920,WR,JAX,14,5.8,2,0.766666667,0.5,1,2,0,11.5,3,9,15,0,51.8,89.9,72.4,68.8,69,0,0,0,24,0.010752688,1,93,0,23,0.924731183,86,0.516129032,48,125.3,30,3,0.47311828,44,187,133,5.8,8.1,2.17
Melvin Gordon III,9448,HB,DEN,10,0.5,1,0.833333333,0,0,0,0,10.7,3,11,10,1,52.7,22.8,49.1,39.9,50.5,0,0,0,24,0.120218579,22,183,2,25,0.836065574,153,0.054644809,10,97.6,30,0,0.021857923,4,223,206,8.2,8.9,1.46
Breece Hall,97636,HB,NYJ,7,5.3,8,0.633333333,0,0,2,0,20.8,5,8,22,1,29.4,62.9,69.8,68.9,48.8,0.086330935,12,1,79,0.158273381,22,139,0,19,0.784172662,109,0.064748201,9,82.4,30,1,0.086330935,12,218,146,7.7,11.5,2
Wan'Dale Robinson,101735,WR,NYG,6,6.1,3,0.766666667,0.5,4,8,0,8,2,13,21,0,50.6,75.8,72,,70.9,0,0,0,19,0,0,140,0,23,0.921428571,129,0.807142857,113,108.6,30,1,0.192857143,27,227,127,5.5,9.9,1.76
Ian Thomas,42130,TE,CAR,17,1.8,4,0.724137931,0,0,3,0,8.7,2,8,5,0,49.3,74.9,49.6,66.6,54.7,0.839506173,204,0,50,0.230452675,56,243,2,21,0.724279835,176,0.111111111,27,90.7,29,0,0.020576132,5,197,184,8.8,9.4,1.12
Kenneth Gainwell,77737,HB,PHI,17,1,5,0.821428571,1,1,1,0,11.5,3,7,24,0,52.9,84.9,57,49,49.8,0.01659751,4,1,20,0.145228216,35,241,0,23,0.800829876,193,0.053941909,13,77.1,28,0,0.087136929,21,170,147,6.4,7.4,0.88
Dontrell Hilliard,45691,HB,TEN,12,1.8,1,0.75,0.5,1,2,0,12.5,3,8,31,0,50.6,81.2,67.1,56.7,59.3,0.050955414,8,0,31,0.133757962,21,157,0,21,0.828025478,130,0.121019108,19,130.5,28,4,0.108280255,17,177,158,7.5,8.4,1.36
Rashod Bateman,84296,WR,BLT,6,13.2,3,0.535714286,0,0,1,0,25,5,7,3,1,28.3,22.4,61.6,,61.1,0,0,1,75,0,0,127,0,15,0.94488189,120,0.141732283,18,98.1,28,2,0.858267717,109,285,137,9.1,19,2.38
Mo Alie-Cox,12078,TE,IND,17,6,4,0.703703704,0.75,3,4,0,5,1,9,14,1,69.6,23.9,48.2,65.7,48,0.562111801,181,0,34,0.114906832,37,322,1,19,0.854037267,275,0.332298137,107,126.9,27,3,0.099378882,32,189,100,5.3,9.9,0.69
Brevin Jordan,77887,TE,HST,11,7.7,2,0.518518519,0.5,2,4,0,6.7,1,7,13,0,64.4,72.7,53.7,55.3,58.9,0.511904762,86,2,20,0.125,21,168,2,14,0.839285714,141,0.30952381,52,34.2,27,0,0.148809524,25,128,78,5.6,9.1,0.91
Sammy Watkins,8639,WR,BLT,12,13.2,1,0.592592593,0.4,2,5,1,11.1,2,11,3,1,52.8,22.8,62.8,,62.3,0,0,0,55,0,0,216,1,16,0.939814815,203,0.12962963,28,101.6,27,0,0.87037037,188,325,126,7.9,20.3,1.6
JaMycal Hasty,25582,HB,JAX,15,-1.6,4,0.769230769,0.5,1,2,0,9.1,2,7,15,0,58.1,84.1,72.8,74.8,69.8,0,0,0,28,0.203947368,31,152,1,20,0.789473684,120,0.078947368,12,99.2,26,1,0.138157895,21,126,136,6.8,6.3,1.05
C.J. Uzomah,9590,TE,NYJ,15,6.6,4,0.807692308,1,4,4,0,4.5,1,10,22,0,71.3,74.6,62.3,53.1,60.8,0.620300752,165,0,40,0.142857143,38,266,2,21,0.845864662,225,0.270676692,72,129.5,26,2,0.097744361,26,232,109,5.2,11,1.03
Miles Sanders,40555,HB,PHI,17,0.8,5,0.769230769,0,0,0,0,9.1,2,2,24,1,58.1,73.9,74,46,35.5,0,0,0,16,0.114906832,37,322,0,20,0.835403727,269,0.062111801,20,78.7,26,0,0.083850932,27,78,103,5.2,3.9,0.29
Tre'Quan Smith,48228,WR,NO,14,13,3,0.730769231,0.666666667,4,6,0,5,1,14,20,0,70.5,74.4,69,66.2,69.1,0.005263158,1,2,48,0.005263158,1,190,0,19,0.936842105,178,0.621052632,118,88.3,26,1,0.373684211,71,278,62,3.3,14.6,1.56
Denzel Mims,47800,WR,NYJ,10,12.7,4,0.44,0.25,2,8,0,15.4,2,7,22,0,43.8,71.5,59.8,,60.1,0.005988024,1,1,63,0,0,167,2,11,0.982035928,164,0.22754491,38,53.1,25,0,0.766467066,128,186,78,7.1,16.9,1.13
Dare Ogunbowale,12329,HB,HST,11,-0.8,4,0.833333333,1,1,1,0,0,0,5,13,0,84.5,83.8,65,89.6,67.8,0,0,1,23,0.176923077,23,130,0,20,0.769230769,100,0.092307692,12,67.4,24,0,0.084615385,11,104,131,6.6,5.2,1.04
Kenyan Drake,10707,HB,BLT,12,-0.1,1,0.708333333,0,0,1,0,22.7,5,7,3,0,29,69.3,53.1,45.1,46.2,0.009569378,2,1,15,0.172248804,36,209,0,17,0.775119617,162,0.14354067,30,73.1,24,1,0.038277512,8,89,127,7.5,5.2,0.55
Matt Breida,12271,HB,NYG,17,2,1,0.833333333,1,3,3,0,4.8,1,5,21,0,70.5,84.4,66.8,67.4,57.5,0.056603774,9,0,16,0.113207547,18,159,0,20,0.830188679,132,0.06918239,11,87.2,24,0,0.037735849,6,118,100,5,5.9,0.89
Eric Saubert,11929,TE,DEN,17,7.9,3,0.652173913,0.333333333,1,3,0,11.8,2,6,10,0,51.2,74.3,50.4,55.1,49,0.536363636,118,1,25,0.077272727,17,220,3,15,0.859090909,189,0.395454545,87,79.6,23,1,0.068181818,15,148,76,5.1,9.9,0.78
Chase Edmonds,45851,HB,DEN,13,2.6,4,0.695652174,0,0,2,0,23.8,5,7,10,0,27.8,85.7,50.8,29.3,36.1,0,0,0,27,0.140776699,29,206,1,16,0.791262136,163,0.13592233,28,103,23,1,0.063106796,13,157,113,7.1,9.8,0.96
Brock Wright,60994,TE,DET,17,3.3,0,0.782608696,1,1,1,0,14.3,3,13,11,0,43.3,73.9,54.2,56.7,63.6,0.713178295,184,0,51,0.298449612,77,258,2,18,0.651162791,168,0.151162791,39,145.4,23,4,0.11627907,30,216,167,9.3,12,1.29
Zach Gentry,36049,TE,PIT,17,3,0,0.826086957,0.333333333,1,3,0,5,1,6,25,0,69.6,74.1,47.5,53.6,48,0.9140625,234,0,32,0.234375,60,256,1,19,0.72265625,185,0.07421875,19,90.6,23,0,0.01171875,3,132,101,5.3,6.9,0.71
Ezekiel Elliott,10638,HB,DAL,15,0.1,1,0.739130435,0.5,1,2,0,10.5,2,4,9,0,54.3,91,71.9,61.1,41.4,0.034129693,10,0,31,0.160409556,47,293,0,17,0.798634812,234,0.010238908,3,80.3,23,0,0.068259386,20,92,88,5.2,5.4,0.39
O.J. Howard,11774,TE,HST,13,10.2,0,0.434782609,0.5,2,4,1,9.1,1,6,13,0,78,71.1,56.2,47.5,62.6,0.81595092,133,1,26,0.190184049,31,163,1,10,0.760736196,124,0.098159509,16,75.5,23,2,0.073619632,12,145,59,5.9,14.5,1.17
Josh Oliver,47083,TE,BLT,17,9.4,1,0.608695652,0.666666667,2,3,0,6.7,1,7,3,0,64.7,72.7,71.5,71,60.9,0.656084656,124,0,40,0.158730159,30,189,2,14,0.814814815,154,0.222222222,42,108.8,23,2,0.116402116,22,149,75,5.4,10.6,0.97
Amari Rodgers,61212,WR,HST,13,10.7,2,0.695652174,0.6,3,5,0,5.9,1,12,13,2,68,24.3,62.1,,64.1,0.005813953,1,1,37,0,0,172,1,16,0.941860465,162,0.662790698,114,93.4,23,1,0.331395349,57,204,64,4,12.8,1.26
Clyde Edwards-Helaire,57279,HB,KC,10,1.3,6,0.772727273,1,1,1,0,5.6,1,11,16,0,67.7,86.1,67.6,43.7,72.7,0.006896552,1,0,25,0.096551724,14,145,0,17,0.855172414,124,0.027586207,4,134.7,22,3,0.131034483,19,151,143,8.4,8.9,1.22
Damien Harris,35134,HB,NE,11,1,4,0.772727273,0.5,2,4,0,10.5,2,4,19,0,55.6,88.6,75.8,69.2,55.7,0,0,1,15,0.173553719,21,121,0,17,0.79338843,96,0.066115702,8,65.9,22,0,0.041322314,5,97,92,5.4,5.7,1.01
Alec Ingold,34934,FB,MIA,17,2.5,3,0.681818182,0,0,0,0,11.8,2,4,17,0,51.2,76.4,57.6,65.6,52.8,0.233160622,45,0,17,0.196891192,38,193,1,15,0.772020725,149,0.264248705,51,93.9,22,1,0.165803109,32,105,95,6.3,7,0.7
Keelan Cole Sr.,51593,WR,LV,14,17.3,1,0.454545455,0.2,1,5,0,16.7,2,8,23,0,41.1,82.6,47.9,70,49.5,0,0,0,30,0.007692308,2,260,1,10,0.934615385,243,0.634615385,165,81.8,22,1,0.365384615,95,141,22,2.2,14.1,0.58
Jake Ferguson,61081,TE,DAL,16,3.1,4,0.863636364,1,1,1,0,0,0,8,9,0,84.1,74.6,65.7,55.4,75.2,0.748387097,116,0,30,0.290322581,45,155,2,19,0.677419355,105,0.161290323,25,129.9,22,2,0.070967742,11,174,122,6.4,9.2,1.66
Steven Sims,48341,WR,PIT,12,5.4,0,0.636363636,0.333333333,1,3,0,0,0,5,25,0,80.6,88.6,55,,53.4,0.012658228,2,0,28,0,0,158,1,14,0.955696203,151,0.734177215,116,74.8,22,0,0.253164557,40,104,63,4.5,7.4,0.69
Kyle Juszczyk,7912,FB,SF,16,2.7,5,0.863636364,1,1,1,0,5,1,9,28,0,69.6,76.8,61.7,62.3,61.5,0.169421488,41,0,35,0.115702479,28,242,1,19,0.838842975,203,0.252066116,61,119.7,22,1,0.185950413,45,200,151,7.9,10.5,0.99
Michael Thomas,10681,WR,NO,3,10.5,0,0.727272727,0.8,8,10,0,5.9,1,13,20,0,68.7,73.9,77.3,,77.4,0,0,0,21,0,0,109,1,16,0.95412844,104,0.201834862,22,134.7,22,3,0.798165138,87,171,25,1.6,10.7,1.64
Joshua Kelley,13750,HB,LAC,13,2,2,0.636363636,0,0,0,0,17.6,3,4,27,0,35.8,85.8,63,49.1,43.6,0,0,0,22,0.243386243,46,189,0,14,0.714285714,135,0.058201058,11,74.2,22,0,0.026455026,5,101,89,6.4,7.2,0.75
Trenton Irwin,48080,WR,CIN,9,12.6,2,0.681818182,0.571428571,4,7,1,0,0,12,7,0,81.1,74.1,68,,69.8,0,0,0,45,0,0,203,1,15,0.931034483,189,0.354679803,72,142.2,22,4,0.645320197,131,231,61,4.1,15.4,1.22
Adam Trautman,109795,TE,NO,15,5.4,1,0.818181818,0.333333333,1,3,1,0,0,9,20,0,83.2,74.1,66.7,71.9,69.2,0.729064039,148,0,22,0.290640394,59,203,4,18,0.684729064,139,0.162561576,33,121,22,1,0.103448276,21,207,122,6.8,11.5,1.49
Damiere Byrd,9964,WR,ATL,14,20.5,2,0.590909091,0.2,1,5,0,7.1,1,9,2,0,63.5,72.3,66.6,,66.2,0,0,2,75,0,0,174,0,13,0.959770115,167,0.126436782,22,94.5,22,2,0.873563218,152,268,104,8,20.6,1.6
Sterling Shepard,10674,WR,NYG,3,10.6,1,0.619047619,0.4,2,5,0,13.3,2,4,21,0,47.7,72.3,58.5,,60.1,0.009259259,1,0,65,0,0,108,1,13,0.916666667,99,0.314814815,34,100.1,21,1,0.675925926,73,154,52,4,11.8,1.56
MyCole Pruitt,9576,TE,ATL,13,5.4,0,0.761904762,0.5,1,2,0,5.9,1,10,2,0,67,73.3,75.9,75.8,80.9,0.762962963,103,0,29,0.377777778,51,135,1,16,0.57037037,77,0.125925926,17,134.9,21,4,0.044444444,6,150,82,5.1,9.4,1.95
Ty Johnson,45769,HB,NYJ,11,2.2,2,0.571428571,0,0,1,0,14.3,2,3,22,0,45.7,81.9,71.2,55.3,43.3,0.234848485,31,1,16,0.234848485,31,132,0,12,0.75,99,0.075757576,10,47.3,21,0,0.022727273,3,88,71,5.9,7.3,0.89
Johnny Mundt,12206,TE,MIN,17,1.2,2,0.904761905,1,2,2,1,9.5,2,9,18,0,56.9,74.7,51.2,55.3,55.3,0.806763285,167,0,17,0.265700483,55,207,2,19,0.714975845,148,0.077294686,16,110.3,21,1,0.106280193,22,140,124,6.5,7.4,0.95
Javonte Williams,77803,HB,DEN,4,-0.9,5,0.761904762,0,0,3,0,5.9,1,4,10,0,67,49.7,64.5,60.3,68,0,0,0,13,0.181818182,16,88,1,16,0.784090909,69,0.034090909,3,80.7,21,0,0.022727273,2,76,119,7.4,4.8,1.1
Darrell Henderson,41193,HB,JAX,10,1.2,1,0.80952381,0,0,1,0,0,0,5,15,0,82.7,86.1,57.7,61.7,49.6,0,0,0,15,0.159836066,39,244,0,17,0.819672131,200,0.12295082,30,86.9,21,0,0.114754098,28,102,113,6.6,6,0.51
Ray-Ray McCloud III,47895,WR,SF,17,13.2,0,0.666666667,0.666666667,2,3,1,12.5,2,10,28,0,53.1,69.8,69.4,62.4,70.2,0,0,0,42,0.005555556,1,180,1,14,0.927777778,167,0.455555556,82,121.7,21,1,0.538888889,97,243,95,6.8,17.4,1.46
John Bates,42275,TE,WAS,16,6.3,0,0.7,0,0,1,0,6.7,1,4,32,1,65.6,22.4,57,52.4,47.7,0.55450237,117,0,20,0.341232227,72,211,0,14,0.606635071,128,0.341232227,72,99.6,20,1,0.037914692,8,108,53,3.8,7.7,0.84
Marcus Johnson,11074,WR,NYG,14,11,0,0.45,0.25,1,4,0,18.2,2,6,21,0,38.4,70.6,53.8,,53.6,0,0,0,18,0,0,200,1,9,0.94,188,0.125,25,60.2,20,0,0.875,175,99,37,4.1,11,0.53
Ashton Dulin,91479,WR,IND,12,13.3,1,0.75,0.75,6,8,0,0,0,12,14,0,81.1,73.9,71.6,67.1,69.6,0.022900763,3,2,39,0.007633588,1,131,0,15,0.916030534,120,0.450381679,59,84.8,20,1,0.526717557,69,207,35,2.3,13.8,1.73
Breshad Perriman,9459,WR,TB,11,15.1,3,0.473684211,0,0,7,0,10,1,5,30,1,56.7,19.9,51.7,,54.7,0,0,0,28,0,0,145,1,9,0.951724138,138,0.310344828,45,83.2,19,1,0.689655172,100,110,53,5.9,12.2,0.8
DeeJay Dallas,55632,HB,SEA,13,0.3,1,0.894736842,0,0,0,0,0,0,5,29,0,82.2,88.7,66.7,62,70,0,0,0,41,0.166666667,25,150,0,17,0.78,117,0.053333333,8,94.3,19,0,0.066666667,10,126,133,7.8,7.4,1.08
Pharaoh Brown,12247,TE,CLV,16,6.5,2,0.631578947,0.75,3,4,0,14.3,2,6,8,0,47.7,72.3,59.1,59.9,58.1,0.677631579,103,1,30,0.203947368,31,152,1,12,0.743421053,113,0.217105263,33,58.4,19,0,0.085526316,13,117,85,7.1,9.8,1.04
Durham Smythe,47257,TE,MIA,16,4.5,0,0.789473684,0,0,1,0,0,0,7,17,0,81.1,75.1,60.1,59.4,55.7,0.740310078,191,0,26,0.352713178,91,258,0,15,0.620155039,160,0.162790698,42,112.5,19,1,0.062015504,16,129,53,3.5,8.6,0.81
Kadarius Toney,61245,WR,KC,9,3.6,5,0.842105263,1,1,1,0,11.1,2,9,16,0,55.6,35.1,75.4,,74,0.022222222,2,0,38,0,0,90,1,16,0.922222222,83,0.4,36,139.3,19,2,0.544444444,49,171,110,6.9,10.7,2.06
KhaDarel Hodge,26104,WR,ATL,16,12.9,2,0.684210526,0.4,2,5,0,7.1,1,7,2,0,64.4,72.7,77,,76.4,0,0,0,39,0,0,83,0,13,0.951807229,79,0.192771084,16,120.9,19,1,0.807228916,67,202,61,4.7,15.5,2.56
Cam Sims,47908,WR,WAS,17,14.9,0,0.444444444,0.4,2,5,1,0,0,5,32,0,76.5,70.1,50.4,,53,0.005464481,1,2,21,0,0,183,2,8,0.967213115,177,0.229508197,42,20.1,18,0,0.765027322,140,89,22,2.8,11.1,0.5
Mitchell Wilcox,47234,TE,CIN,15,4.2,1,0.944444444,0,0,0,0,0,0,6,7,0,82.7,73.9,55.7,68.8,54.2,0.697580645,173,0,18,0.120967742,30,248,2,17,0.822580645,204,0.14516129,36,117.1,18,1,0.141129032,35,138,78,4.6,8.1,0.68
Michael Bandy,91824,WR,LAC,9,11.2,0,0.555555556,0.333333333,1,3,0,9.1,1,5,27,0,58.9,71.1,53.7,74.9,54.3,0,0,0,25,0.013245033,2,151,1,10,0.953642384,144,0.21192053,32,69,18,0,0.78807947,119,89,20,2,8.9,0.62
Zach Pascal,12303,WR,PHI,17,5.3,3,0.833333333,0.666666667,2,3,0,0,0,9,24,0,65.6,73.5,62.6,48.8,61.1,0.095238095,16,1,34,0.005952381,1,168,1,15,0.946428571,159,0.625,105,96.8,18,1,0.255952381,43,150,89,5.9,10,0.94
Lawrence Cager,34914,TE,NYG,6,6,2,0.722222222,0,0,1,0,0,0,8,21,0,63.2,73.4,60.3,43.9,61.9,0.365853659,45,2,20,0.056910569,7,123,2,13,0.894308943,110,0.422764228,52,68.5,18,1,0.203252033,25,118,79,6.1,9.1,1.07
Alexander Mattison,45817,HB,MIN,17,-2.1,5,0.833333333,0.5,1,2,0,11.8,2,4,18,0,37.9,86.1,71.3,59,42.9,0.075471698,16,0,16,0.193396226,41,212,0,15,0.745283019,158,0.018867925,4,106.3,18,1,0.056603774,12,91,129,8.6,6.1,0.58
Travis Homer,45859,HB,SEA,10,2.2,4,0.941176471,0,0,0,0,0,0,7,29,1,82.2,29.5,63.2,59.2,56.3,0.015037594,2,0,27,0.22556391,30,133,0,16,0.736842105,98,0.07518797,10,124.8,17,1,0.067669173,9,157,126,7.9,9.8,1.6
Tyler Allgeier,83639,HB,ATL,16,-2.2,5,0.941176471,0,0,0,0,0,0,8,2,0,82.7,90.8,86.7,56.7,61.6,0.008130081,2,0,26,0.239837398,59,246,0,16,0.719512195,177,0.016260163,4,120.3,17,1,0.056910569,14,139,172,10.8,8.7,0.79
Cedrick Wilson Jr.,48170,WR,MIA,15,10.8,0,0.705882353,0.4,2,5,0,7.7,1,8,17,0,62.1,84.6,63.5,,63,0,0,0,21,0,0,142,0,12,0.964788732,137,0.464788732,66,94.2,17,0,0.535211268,76,136,51,4.3,11.3,0.99
Albert Okwuegbunam,41933,TE,DEN,7,6.2,5,0.588235294,0.25,1,4,0,16.7,2,4,10,0,41.1,71.1,55.4,29.8,51.9,0.339869281,52,0,25,0.026143791,4,153,0,10,0.895424837,137,0.490196078,75,94,17,1,0.169934641,26,95,57,5.7,9.5,0.69
DeSean Jackson,4363,WR,BLT,7,17.9,0,0.529411765,0.2,1,5,0,0,0,5,3,0,78,71.1,76.1,,75.2,0,0,1,62,0,0,81,0,9,0.925925926,75,0.24691358,20,59.2,17,0,0.75308642,61,153,23,2.6,17,2.04
Kenny Golladay,11851,WR,NYG,12,10.4,0,0.352941176,0.142857143,1,7,0,25,2,4,21,0,31.8,69.5,55,,54.8,0,0,0,25,0,0,162,0,6,0.919753086,149,0.191358025,31,71,17,1,0.808641975,131,81,11,1.8,13.5,0.54
Justin Jackson,29539,HB,DET,12,1.2,4,0.705882353,0,0,0,0,25,4,7,11,0,28.7,86.6,58.6,65.5,47,0.03030303,4,0,15,0.181818182,24,132,1,12,0.757575758,100,0.075757576,10,105.3,17,1,0.196969697,26,101,111,9.3,8.4,1.01
Khalil Shakir,84140,WR,BUF,14,12,0,0.588235294,0.666666667,2,3,0,9.1,1,7,4,0,60.2,76.8,62.4,52.8,65.1,0,0,0,31,0,0,151,0,10,0.933774834,141,0.582781457,88,110.2,17,1,0.417218543,63,161,75,7.5,16.1,1.14
Cam Akers,57206,HB,LA,15,0.8,5,0.764705882,1,1,1,0,0,0,8,26,0,80,64.2,80.7,73.9,61.5,0,0,0,18,0.181818182,38,209,0,13,0.789473684,165,0.014354067,3,94.5,17,0,0.052631579,11,117,138,10.6,9,0.71
David Sills V,34579,WR,NYG,9,7.9,0,0.647058824,1,1,1,1,8.3,1,7,21,0,61.8,71.9,55.9,75.1,59.8,0,0,1,24,0.014285714,2,140,4,11,0.9,126,0.192857143,27,57.5,17,0,0.807142857,113,106,40,3.6,9.6,0.84
Mark Ingram II,6180,HB,NO,10,-0.7,2,1,0,0,0,0,0,0,2,20,1,82.2,29.7,63.3,59,54.4,0,0,0,11,0.285714286,36,126,1,16,0.682539683,86,0.007936508,1,84.4,16,0,0.007936508,1,68,79,4.9,4.3,0.79
Geoff Swaim,9679,TE,TEN,17,2.1,0,0.75,0.5,1,2,0,14.3,2,4,31,0,45.7,71.9,58.5,58.2,48.5,0.838541667,161,0,13,0.390625,75,192,1,12,0.588541667,113,0.109375,21,100.5,16,1,0.03125,6,58,46,3.8,4.8,0.51
Chuba Hubbard,57373,HB,CAR,15,0.4,3,0.875,0,0,1,0,6.7,1,6,5,1,64.4,66.4,76.6,45.9,59.6,0,0,0,45,0.284848485,47,165,1,14,0.666666667,110,0.012121212,2,111.2,16,0,0.012121212,2,171,168,12,12.2,1.55
James Proche II,48037,WR,BLT,14,10,2,0.5,0,0,1,0,11.1,1,3,3,0,57,76.1,44.7,,52.7,0,0,0,12,0,0,142,5,8,0.922535211,131,0.753521127,107,59.9,16,0,0.246478873,35,62,17,2.1,7.8,0.47
Jamaal Williams,11889,HB,DET,17,1.1,2,0.75,0,0,0,0,20,3,4,11,0,31,62.1,73.4,72.3,39.7,0,0,0,17,0.315217391,58,184,1,12,0.64673913,119,0,0,83.6,16,0,0.048913043,9,73,68,5.7,6.1,0.61
KJ Hamler,61590,WR,DEN,7,24.9,0,0.466666667,0,0,0,0,0,0,3,10,0,75.6,71.1,57.5,,55.4,0,0,1,55,0,0,164,1,7,0.951219512,156,0.18902439,31,59,15,0,0.81097561,133,165,23,3.3,23.6,1.06
Jack Stoll,42058,TE,PHI,17,7.8,0,0.733333333,1,2,2,0,0,0,5,24,0,79.4,72.7,50.6,60.3,46.4,0.642307692,167,0,26,0.126923077,33,260,1,11,0.826923077,215,0.265384615,69,97.4,15,0,0.069230769,18,123,50,4.5,11.2,0.57
Tre' McKitty,60896,TE,LAC,17,4.7,0,0.666666667,0,0,1,0,16.7,2,0,27,1,41.1,19.8,31.8,50.2,36.1,0.662020906,190,0,12,0.233449477,67,287,6,10,0.735191638,211,0.261324042,75,77.6,15,0,0.06271777,18,72,50,5,7.2,0.34
Connor Heyward,57301,TE,PIT,14,7.3,1,0.8,1,3,3,0,7.7,1,6,25,0,62.1,73,74.1,31.6,77.6,0.577777778,52,1,45,0.044444444,4,90,0,12,0.9,81,0.366666667,33,103.1,15,1,0.055555556,5,151,64,5.3,12.6,1.86
Peyton Hendershot,60915,TE,DAL,17,7.5,1,0.733333333,0.5,3,6,0,8.3,1,8,9,0,51.7,21.7,58.1,51.4,62.4,0.423076923,55,1,29,0.115384615,15,130,4,11,0.861538462,112,0.461538462,60,103.6,15,2,0.092307692,12,103,49,4.5,9.4,0.92
Josiah Deguara,47034,TE,GB,17,3.1,0,0.866666667,0,0,0,0,0,0,4,12,0,80.6,73.4,57.2,34.3,62.8,0.26984127,34,0,25,0.142857143,18,126,0,13,0.80952381,102,0.420634921,53,98.3,15,0,0.111111111,14,114,65,5,8.8,1.12
Tanner Hudson,66924,TE,NYG,11,7.1,0,0.666666667,0,0,4,0,0,0,8,21,0,78,71.1,60.1,30,59.8,0.420212766,79,0,27,0.058510638,11,188,1,10,0.877659574,165,0.255319149,48,94.3,15,0,0.255319149,48,132,64,6.4,13.2,0.8
Byron Pringle,42345,WR,CHI,11,15.5,0,0.666666667,1,3,3,0,0,0,8,6,0,78,71.1,62.9,71.6,64.7,0.01242236,2,1,35,0.02484472,4,161,3,10,0.944099379,152,0.273291925,44,106.9,15,2,0.714285714,115,135,15,1.5,13.5,0.89
Zonovan Knight,97432,HB,NYJ,7,-2.2,6,0.928571429,0,0,0,0,7.1,1,5,22,1,63.5,40.6,71.8,69.7,54.2,0.021276596,2,0,16,0.191489362,18,94,0,13,0.776595745,73,0,0,96.4,14,0,0.063829787,6,100,133,10.2,7.7,1.37
Avery Williams,42873,HB,ATL,15,-2,3,0.928571429,0,0,0,0,0,0,3,2,0,80.6,65.6,61.1,22.4,66.5,0.033333333,3,0,10,0.222222222,20,90,0,13,0.744444444,67,0.211111111,19,84.8,14,0,0.088888889,8,61,86,6.6,4.7,0.91
River Cracraft,47417,WR,MIA,11,9.3,0,0.642857143,0.333333333,1,3,0,0,0,8,17,0,78,71.1,77,,75,0,0,1,22,0,0,85,0,9,0.976470588,83,0.329411765,28,95.8,14,2,0.658823529,56,102,25,2.8,11.3,1.23
Shane Zylstra,143786,TE,DET,12,7.6,0,0.846153846,1,1,1,0,8.3,1,6,11,0,60.6,73.2,59.2,25.3,55.2,0.269503546,38,0,14,0.021276596,3,141,1,11,0.929078014,131,0.333333333,47,125.5,13,4,0.397163121,56,60,12,1.1,5.5,0.46
James Robinson,22425,HB,NYJ,11,-0.2,1,0.846153846,0,0,0,0,0,0,5,22,0,78.7,68.6,59.7,81.5,57.5,0,0,0,10,0.142857143,19,133,0,11,0.796992481,106,0.052631579,7,122.6,13,2,0.090225564,12,51,67,6.1,4.6,0.48
Sony Michel,27589,HB,LAC,10,0.3,2,0.692307692,0,0,0,0,18.2,2,1,27,0,38.4,81.4,58.5,72.7,45.5,0,0,1,9,0.238095238,20,84,1,9,0.726190476,61,0.142857143,12,44.7,13,0,0,0,53,50,5.6,5.9,0.87
Mike Boone,31615,HB,DEN,9,4.2,1,0.692307692,1,1,1,0,18.2,2,2,10,0,38.4,79.3,53.2,42.1,47.1,0,0,0,34,0.214285714,21,98,0,9,0.744897959,73,0.06122449,6,90.5,13,0,0.112244898,11,96,84,9.3,10.7,1.32
Patrick Ricard,48862,FB,BLT,17,0.3,2,0.846153846,1,1,1,1,0,0,1,3,0,60.2,75.5,70.9,62.1,46.4,0.570895522,153,1,19,0.365671642,98,268,5,11,0.619402985,166,0.220149254,59,58.3,13,0,0.059701493,16,74,73,6.6,6.7,0.45
Anthony Firkser,51837,TE,ATL,11,8.5,0,0.692307692,0.4,2,5,0,0,0,5,2,0,77.3,70.6,59.1,80.3,58.7,0.140186916,15,0,22,0.056074766,6,107,0,9,0.91588785,98,0.700934579,75,91.8,13,0,0.158878505,17,100,17,1.9,11.1,1.02
Jalen Reagor,61697,WR,MIN,14,13.6,0,0.615384615,0,0,1,0,0,0,5,18,0,76.5,27.6,68.2,,68.2,0,0,2,38,0,0,55,0,8,0.963636364,53,0.381818182,21,72.8,13,1,0.6,33,104,27,3.4,13,1.96
Isiah Pacheco,83747,HB,KC,17,-2.6,3,1,0,0,0,0,0,0,7,16,0,80,40.2,74.6,25.5,71.1,0.011764706,2,0,32,0.123529412,21,170,0,13,0.864705882,147,0.023529412,4,108.3,13,0,0.1,17,130,164,12.6,10,0.88
Kyle Philips,84463,WR,TEN,4,7.8,0,0.615384615,0.666666667,2,3,0,11.1,1,3,31,0,54.5,76.3,63.7,,63.7,0,0,0,21,0,0,54,0,8,0.888888889,48,0.611111111,33,78.4,13,0,0.351851852,19,78,19,2.4,9.8,1.63
Tom Kennedy,94379,WR,DET,7,9.5,0,0.615384615,0,0,1,0,0,0,7,11,0,77.3,71.1,59.3,65.7,62.8,0,0,1,44,0.007246377,1,138,1,8,0.905797101,125,0.5,69,66.5,13,0,0.5,69,141,75,9.4,17.6,1.13
Jody Fortson,94384,TE,KC,13,8.7,0,0.692307692,0.5,2,4,0,0,0,6,16,0,78,20.6,65.4,22.2,64.7,0.175438596,20,0,40,0.035087719,4,114,1,9,0.912280702,104,0.456140351,52,134,13,2,0.368421053,42,108,38,4.2,12,1.04
Brandon Johnson,40666,WR,DEN,7,15.5,1,0.5,0.333333333,1,3,0,0,0,2,10,0,74.6,70.3,51.8,,51.4,0.007246377,1,1,12,0,0,138,0,6,0.927536232,128,0.123188406,17,51.4,12,1,0.869565217,120,42,13,2.2,7,0.33
Hassan Haskins,83701,HB,TEN,14,-0.7,2,0.916666667,1,1,1,0,8.3,1,2,31,0,60.2,84.2,59.2,52.3,54.7,0.085470085,10,0,10,0.282051282,33,117,0,11,0.692307692,81,0.034188034,4,86.5,12,0,0.034188034,4,57,60,5.5,5.2,0.7
Taysom Hill,12112,TE,NO,16,6.7,2,0.75,0,0,2,0,18.2,2,5,20,0,38.4,49.1,75.6,80.6,52.2,0.230263158,35,0,30,0.013157895,2,152,1,9,0.809210526,123,0.236842105,36,130.6,12,2,0.368421053,56,76,36,4,8.4,0.62
Donald Parham Jr.,91014,TE,LAC,6,11.3,0,0.833333333,0,0,1,0,0,0,5,27,0,78.7,71.5,79.1,44.9,85.7,0.49382716,40,0,24,0.160493827,13,81,3,10,0.777777778,63,0.320987654,26,139.6,12,1,0.172839506,14,130,41,4.1,13,2.06
Raheem Blackshear,57385,HB,CAR,10,-1.4,4,0.833333333,0,0,0,0,0,0,3,5,0,78,85,70.3,68.8,71.4,0,0,1,27,0.020408163,1,49,0,10,0.959183673,47,0.06122449,3,64.2,12,0,0.102040816,5,93,111,11.1,9.3,1.98
Jeff Smith,48055,WR,NYJ,11,13.1,0,0.666666667,0,0,2,0,0,0,5,22,0,76.5,70.1,70.2,,71.3,0.026315789,2,1,50,0,0,76,0,8,0.986842105,75,0.25,19,69.4,12,0,0.710526316,54,134,41,5.1,16.8,1.79
Teagan Quitoriano,84036,TE,HST,9,11.8,0,0.583333333,0.5,1,2,1,0,0,5,13,0,75.6,69.5,49.4,55.4,59.9,0.766467066,128,1,52,0.203592814,34,167,2,7,0.736526946,123,0.185628743,31,94.8,12,2,0.041916168,7,113,53,7.6,16.1,0.92
Velus Jones Jr.,40573,WR,CHI,11,19.2,0,0.583333333,0.333333333,1,3,0,12.5,1,4,6,0,52.1,44.6,64.9,,62.8,0,0,0,44,0,0,74,0,7,0.959459459,71,0.189189189,14,115.6,12,1,0.797297297,59,107,42,6,15.3,1.51
Jamison Crowder,9538,WR,BUF,4,9.9,0,0.5,0.25,1,4,0,14.3,1,4,4,0,49.2,79.5,53.2,,54.9,0,0,1,16,0,0,74,0,6,0.959459459,71,0.878378378,65,29.9,12,0,0.121621622,9,60,30,5,10,0.85
Jalen Nailor,84292,WR,MIN,6,12.4,1,0.75,1,1,1,0,0,0,7,18,0,77.3,70.6,91.6,,90.8,0,0,1,47,0,0,31,0,9,1,31,0.225806452,7,109.7,12,1,0.709677419,22,179,68,7.6,19.9,5.77
Eric Tomlinson,9786,TE,DEN,17,6,0,0.75,0.5,1,2,0,0,0,5,10,0,77.3,70.6,58.2,58.6,54.3,0.925925926,150,0,18,0.37037037,60,162,3,9,0.598765432,97,0.049382716,8,131.6,12,2,0.018518519,3,79,44,4.9,8.8,0.81
Dyami Brown,77986,WR,WAS,15,27.3,1,0.416666667,0.5,1,2,0,0,0,5,32,0,73.4,69.1,65.8,,68.3,0,0,0,75,0,0,90,0,5,0.966666667,87,0.3,27,126,12,2,0.7,63,143,31,6.2,28.6,1.64
C.J. Ham,11347,FB,MIN,17,5.3,2,0.833333333,0,0,1,0,0,0,7,18,0,78,73.4,60.3,52.5,79.8,0.197368421,15,0,17,0.381578947,29,76,0,10,0.565789474,43,0.078947368,6,96.5,12,0,0.052631579,4,86,57,5.7,8.6,2
Zack Moss,40341,HB,IND,11,-0.2,6,0.916666667,0,0,0,0,8.3,1,2,14,0,60.2,64.9,71.1,62.3,50.7,0,0,0,8,0.285714286,40,140,0,11,0.692857143,97,0.021428571,3,80.2,12,0,0.028571429,4,39,43,3.9,3.5,0.4
D'Wayne Eskridge,29573,WR,SEA,9,3.7,1,0.583333333,0,0,1,1,0,0,4,29,0,75.6,76.1,54.1,62.4,57.5,0.00990099,1,0,16,0.00990099,1,101,3,7,0.920792079,93,0.623762376,63,70.8,12,0,0.366336634,37,58,45,6.4,8.3,0.62
Brian Robinson,57120,HB,WAS,12,-0.8,3,0.75,1,1,1,0,10,1,3,32,0,56.7,71.6,82.5,46.9,65.2,0,0,1,18,0.232142857,26,112,0,9,0.741071429,83,0.017857143,2,78.5,12,1,0.017857143,2,60,72,8,6.7,0.72
Justice Hill,45865,HB,BLT,15,-2,0,1,1,1,1,0,0,0,2,3,1,80,28.9,60.3,53.5,50.9,0.045714286,8,0,15,0.262857143,46,175,1,12,0.708571429,124,0.102857143,18,86.8,12,0,0.074285714,13,58,82,6.8,4.8,0.47
Khalil Herbert,41668,HB,CHI,13,-2.8,2,0.818181818,0,0,1,0,18.2,2,2,6,0,38.4,90,72.5,54.4,46.5,0.006944444,1,0,25,0.222222222,32,144,0,9,0.743055556,107,0.090277778,13,118.6,11,1,0.055555556,8,57,85,9.4,6.3,0.53
Parker Hesse,48369,TE,ATL,17,5.6,0,0.818181818,0,0,1,1,0,0,6,2,0,77.3,70.6,61.2,70.9,55.7,0.669291339,170,0,22,0.437007874,111,254,5,9,0.527559055,134,0.181102362,46,100.4,11,0,0.05511811,14,89,38,4.2,9.9,0.66
Kyren Williams,97118,HB,LA,8,1,2,0.818181818,0,0,0,0,0,0,5,26,0,77.3,81.2,67.2,26,61.5,0,0,1,15,0.168421053,16,95,0,9,0.821052632,78,0.063157895,6,57.6,11,0,0.052631579,5,76,84,9.3,8.4,0.97
Dan Arnold,51842,TE,JAX,16,7.8,1,0.818181818,1,1,1,0,10,1,5,15,0,60.2,71.5,60.6,27.7,67.5,0.472972973,35,0,26,0.054054054,4,74,2,9,0.864864865,64,0.364864865,27,117.8,11,0,0.148648649,11,135,75,8.3,15,2.11
James Mitchell,77885,TE,DET,13,5.2,1,1,0,0,0,0,0,0,7,11,0,78.7,71.5,66.9,82.7,76.3,0.56043956,51,0,22,0.153846154,14,91,1,11,0.824175824,75,0.164835165,15,139.8,11,1,0.252747253,23,113,62,5.6,10.3,1.51
Brycen Hopkins,47338,TE,LA,13,10.6,0,0.636363636,1,1,1,0,0,0,5,26,0,75.6,69.5,63.6,57.7,64,0.557894737,53,0,22,0.063157895,6,95,1,7,0.905263158,86,0.105263158,10,96.4,11,0,0.315789474,30,109,31,4.4,15.6,1.27
Andrew Beck,47121,FB,DEN,11,4.8,0,0.454545455,0.25,1,4,0,16.7,1,2,10,0,46.3,70,48.4,61.3,53.3,0.447761194,30,1,27,0.208955224,14,67,1,5,0.746268657,50,0.119402985,8,28.2,11,0,0.029850746,2,69,47,9.4,13.8,1.38
Michael Woods II,84117,WR,CLV,10,17.7,0,0.5,0,0,0,0,0,0,3,8,0,74.6,68.8,53.5,75.6,53.4,0.009615385,1,1,15,0.028846154,3,104,0,5,0.894230769,93,0.336538462,35,22.9,10,0,0.644230769,67,45,16,3.2,9,0.48
T.Y. Hilton,7092,WR,DAL,3,17.1,1,0.7,0.5,2,4,0,22.2,2,5,9,0,32.2,69.5,77.4,,76.4,0,0,0,52,0,0,39,0,7,0.897435897,35,0.384615385,15,110.8,10,0,0.615384615,24,121,35,5,17.3,3.46
Andre Baccellia,47901,WR,ARZ,8,8.9,0,0.7,1,1,1,0,0,0,4,1,0,75.6,69.5,56.4,,57.4,0,0,0,11,0,0,80,0,7,0.9375,75,0.1375,11,79.2,10,0,0.8625,69,45,13,1.9,6.4,0.6
Craig Reynolds,94383,HB,DET,8,0.8,7,0.9,0,0,0,0,10,1,5,11,0,58.9,79.2,68.9,44.5,69.5,0,0,0,36,0.297619048,25,84,0,9,0.619047619,52,0,0,115,10,0,0.047619048,4,116,111,12.3,12.9,2.23
Deven Thompkins,84480,WR,TB,4,7.6,4,0.5,0,0,2,0,0,0,1,30,0,73.4,36.6,59.8,,56.5,0,0,0,13,0,0,40,0,5,0.975,39,0.175,7,57.1,10,0,0.8,32,32,34,6.8,6.4,0.82
Ko Kieft,41372,TE,TB,16,5.7,0,0.7,1,1,1,0,22.2,2,5,30,0,31.8,70.6,61.9,68.3,59,0.677419355,63,0,19,0.268817204,25,93,3,7,0.688172043,64,0,0,127.1,10,1,0.010752688,1,80,32,4.6,11.4,1.25
Anthony Schwartz,84135,WR,CLV,10,14.6,0,0.4,0,0,2,1,33.3,2,2,8,1,28.6,18.9,50.8,,47.3,0,0,0,19,0,0,66,1,4,0.939393939,62,0.454545455,30,56.7,10,0,0.545454545,36,51,30,7.5,12.8,0.82
Reggie Gilliam,40951,FB,BUF,14,6.2,3,0.8,0,0,0,0,0,0,4,4,0,76.5,70.1,59.6,75.1,61.4,0.313953488,27,0,14,0.069767442,6,86,1,8,0.918604651,79,0.279069767,24,128.8,10,1,0.127906977,11,69,54,6.8,8.6,0.87
Jonathan Williams,10790,HB,WAS,8,-0.9,0,0.7,0,0,0,0,12.5,1,2,32,0,52.5,81.6,62,81.6,50.3,0,0,0,21,0.098360656,6,61,0,7,0.852459016,52,0.344262295,21,77.1,10,0,0.016393443,1,40,40,5.7,5.7,0.77
Trent Taylor,11932,WR,CIN,9,4.5,1,0.6,0,0,1,0,0,0,1,7,0,74.6,28.7,53.7,65.7,53.4,0,0,0,34,0.011494253,1,87,1,6,0.908045977,79,0.862068966,75,77.9,10,0,0.137931034,12,62,42,7,10.3,0.78
Montrell Washington,64310,WR,DEN,14,18.6,1,0.4,0,0,3,0,20,1,0,10,0,42.1,36.4,56.6,,48.4,0,0,0,4,0,0,55,0,4,0.945454545,52,0.654545455,36,47.9,10,0,0.290909091,16,2,14,3.5,0.5,0.04
Mike Thomas,10840,WR,CIN,10,14.8,0,0.222222222,0,0,2,0,50,2,1,7,0,28,65.8,49.2,,47.4,0,0,1,33,0,0,127,0,2,0.913385827,116,0.149606299,19,5.1,9,0,0.850393701,108,38,24,12,19,0.33
Quintin Morris,61182,TE,BUF,14,8.3,0,0.888888889,1,1,1,0,0,0,6,4,1,76.5,18.5,43.8,52.9,46,0.384615385,65,0,26,0.082840237,14,169,1,8,0.869822485,147,0.360946746,61,142.6,9,1,0.195266272,33,84,41,5.1,10.5,0.57
Mike Strachan,143358,WR,IND,13,17.6,0,0.333333333,0.25,1,4,0,0,0,3,14,0,70.5,65.8,61.7,,60.1,0,0,0,23,0,0,78,1,3,0.974358974,76,0.064102564,5,57.2,9,0,0.935897436,73,59,11,3.7,19.7,0.78
Samori Toure,25276,WR,GB,10,19.8,1,0.555555556,0,0,0,0,0,0,2,12,1,73.4,16,49.3,,50.8,0.011494253,1,0,37,0,0,87,1,5,0.91954023,80,0.632183908,55,123.4,9,1,0.356321839,31,82,10,2,16.4,1.03
Nick Vannett,10728,TE,NYG,9,3.6,0,0.666666667,0.4,2,5,1,0,0,1,21,0,75.6,69.5,44.3,27.8,52.2,0.666666667,72,0,15,0.166666667,18,108,1,6,0.805555556,87,0.194444444,21,83.1,9,0,0.12037037,13,55,31,5.2,9.2,0.63
Giovanni Ricci,13756,TE,CAR,13,6,2,0.888888889,1,1,1,0,0,0,3,5,0,76.5,70.1,63.6,76.4,61.3,0.658227848,52,0,32,0.17721519,14,79,0,8,0.784810127,62,0.17721519,14,113,9,0,0.063291139,5,100,52,6.5,12.5,1.61
N'Keal Harry,48297,WR,CHI,7,16.6,0,0.777777778,0.75,3,4,0,0,0,4,6,0,75.6,69.5,65.1,,66.5,0,0,0,49,0,0,88,0,7,0.897727273,79,0.25,22,155.8,9,1,0.75,66,116,16,2.3,16.6,1.47
Marlon Mack,11898,HB,DEN,5,-1.3,3,0.888888889,0,0,0,0,0,0,2,10,0,76.5,77.9,86.2,83.9,78.4,0,0,0,66,0.222222222,10,45,0,8,0.755555556,34,0.022222222,1,149.5,9,1,0,0,99,114,14.3,12.4,2.91
Brandon Bolden,7469,HB,LV,10,3.1,2,1,0,0,0,0,0,0,2,23,0,77.3,77.8,50.9,26.8,67.1,0,0,0,18,0.061538462,4,65,1,9,0.876923077,57,0.046153846,3,130.1,9,1,0.061538462,4,57,29,3.2,6.3,1
Chris Manhertz,10211,TE,JAX,17,2.6,0,0.75,0,0,0,0,14.3,1,2,15,0,49.2,68.8,58,79.8,39.9,0.933333333,140,0,21,0.38,57,150,2,6,0.58,87,0.013333333,2,86.5,8,0,0.013333333,2,42,35,5.8,7,0.48
Jameson Williams,101701,WR,DET,6,19.3,0,0.125,0,0,0,0,66.7,2,1,11,0,27.3,66.2,63.4,,57.5,0,0,0,41,0,0,40,0,1,0.925,37,0.25,10,88,8,1,0.75,30,41,5,5,41,1.11
Laquon Treadwell,10657,WR,SEA,6,5.6,1,0.75,0,0,1,0,14.3,1,3,29,0,49.2,68.8,56.1,,55,0,0,0,17,0,0,79,0,6,0.962025316,76,0.291139241,23,86.5,8,0,0.708860759,56,42,12,2,7,0.55
Jordan Wilkins,26618,HB,IND,3,-2.3,1,0.75,0,0,1,0,14.3,1,1,14,0,49.2,76,59.1,59.5,52.2,0,0,0,10,0.153846154,4,26,0,6,0.807692308,21,0.076923077,2,79.7,8,0,0.076923077,2,29,44,7.3,4.8,1.38
D'Onta Foreman,11844,HB,CAR,17,0.1,2,0.625,0,0,0,1,0,0,1,5,0,73.4,80.2,73.1,14.8,52.4,0,0,1,23,0.106060606,14,132,1,5,0.848484848,112,0,0,28.1,8,0,0,0,26,29,5.8,5.2,0.23
J.K. Dobbins,57366,HB,BLT,8,0.6,1,0.875,0,0,0,0,0,0,3,3,0,75.6,63.2,76.2,54.7,61.9,0,0,0,20,0.242105263,23,95,0,7,0.747368421,71,0.136842105,13,128.1,8,1,0.084210526,8,42,38,5.4,6,0.59
Chris Myarick,47358,TE,NYG,15,2.9,1,0.875,1,1,1,1,12.5,1,5,21,0,52.5,69.5,63.2,44.9,61.6,0.769230769,90,0,23,0.341880342,40,117,2,7,0.615384615,72,0.094017094,11,140.1,8,1,0.068376068,8,65,40,5.7,9.3,0.9
Grant Calcaterra,60997,TE,PHI,12,9.9,1,0.625,0,0,0,0,16.7,1,3,24,0,46.3,68,61.4,71.5,57.2,0.455555556,41,0,40,0.122222222,11,90,1,5,0.855555556,77,0.377777778,34,96.4,8,0,0.133333333,12,81,42,8.4,16.2,1.05
Ryan Griffin,7982,TE,CHI,14,7,0,0.5,0.5,1,2,0,0,0,1,6,0,72.1,67,52.7,64.5,51.4,0.796875,51,0,18,0.265625,17,64,3,4,0.703125,45,0.1875,12,57.3,8,0,0,0,26,10,2.5,6.5,0.58
Darrel Williams,13014,HB,ARZ,5,-2.3,0,0.571428571,0,0,1,0,20,1,0,1,0,73.4,78.4,64.9,29.6,53.2,0,0,0,6,0.133333333,10,75,1,4,0.773333333,58,0.146666667,11,62.2,7,0,0.066666667,5,9,15,3.8,2.3,0.16
Jake Kumerow,9883,WR,BUF,6,10.9,0,0.571428571,1,1,1,0,0,0,4,4,0,72.1,67,62,,62.8,0.036363636,2,0,39,0,0,55,0,4,0.963636364,53,0.127272727,7,87.8,7,0,0.836363636,46,64,19,4.8,16,1.21
Cole Turner,84330,TE,WAS,9,9.1,0,0.285714286,0.333333333,1,3,0,0,0,1,32,0,68.3,64,52.9,64.4,47.1,0.268041237,26,0,18,0.195876289,19,97,1,2,0.742268041,72,0.556701031,54,40.8,7,0,0.144329897,14,23,6,3,11.5,0.32
Marcedes Lewis,2973,TE,GB,17,9,0,0.857142857,1,1,1,0,14.3,1,5,12,0,52.1,69.5,65.6,72.9,51.9,0.948717949,185,0,31,0.374358974,73,195,0,6,0.584615385,114,0.020512821,4,145.5,7,2,0.030769231,6,66,15,2.5,11,0.58
Chris Conley,9509,WR,TEN,9,12.4,0,0.571428571,0.666666667,2,3,0,20,1,2,31,0,42.1,67,53.8,,53.5,0,0,0,27,0,0,82,0,4,0.914634146,75,0.182926829,15,77.1,7,0,0.817073171,67,46,3,0.8,11.5,0.61
Racey McMath,61401,WR,TEN,4,26.9,0,0.285714286,0,0,3,1,0,0,1,31,0,68.3,66.2,56.1,,58.3,0,0,1,39,0,0,49,1,2,0.959183673,47,0.163265306,8,11.3,7,0,0.836734694,41,40,5,2.5,20,0.85
Tony Jones Jr.,40498,HB,SEA,4,-2.4,1,0.714285714,0,0,1,0,16.7,1,0,29,0,29.2,74.7,50.8,66.1,38.6,0,0,1,9,0.169811321,9,53,0,5,0.754716981,40,0.037735849,2,39.9,7,0,0.056603774,3,30,34,6.8,6,0.75
Royce Freeman,45747,HB,HST,4,-0.3,0,0.857142857,0.5,1,2,0,0,0,0,13,0,74.6,41,59.2,80.3,61.3,0,0,0,9,0.351851852,19,54,0,6,0.592592593,32,0.092592593,5,86.3,7,0,0.037037037,2,33,39,6.5,5.5,1.03
Gary Brightwell,57133,HB,NYG,6,0.6,1,0.714285714,0,0,1,0,0,0,4,21,0,73.4,85.6,66.7,78.1,64.5,0,0,0,12,0.058823529,3,51,0,5,0.921568627,47,0.039215686,2,84.8,7,0,0.039215686,2,39,36,7.2,7.8,0.83
Trestan Ebner,57159,HB,CHI,10,-0.7,0,0.285714286,0,0,0,0,0,0,0,6,2,70.5,81.8,52.5,75.5,53.1,0,0,0,6,0.076923077,3,39,0,2,0.897435897,35,0.256410256,10,39.6,7,0,0.051282051,2,8,-1,-0.5,4,0.23
Stephen Anderson,11160,TE,ARZ,14,5.6,0,0.428571429,0.5,1,2,0,50,3,0,1,0,26.5,65.8,33.9,19.6,30,0.634920635,40,0,6,0.174603175,11,63,0,3,0.761904762,48,0.19047619,12,50.3,7,0,0.063492063,4,9,6,2,3,0.19
Cole Beasley,7330,WR,BUF,4,3.6,0,0.857142857,0,0,0,0,14.3,1,1,4,0,49.2,68.8,62.2,,61.7,0,0,0,9,0,0,24,0,6,0.833333333,20,0.833333333,20,87.5,7,0,0.166666667,4,35,15,2.5,5.8,1.75
Pierre Strong Jr.,66619,HB,NE,5,0.4,1,1,0,0,0,0,0,0,3,19,0,75.6,77.5,80.5,76.5,67.4,0,0,0,16,0.142857143,4,28,0,7,0.785714286,22,0.142857143,4,91.7,7,0,0.071428571,2,42,39,5.6,6,1.91
Troy Hairston,65088,FB,HST,16,1.9,0,0.714285714,0,0,1,0,16.7,1,0,13,0,45.8,68,48.4,53.6,44.6,0,0,0,7,0.379310345,22,58,0,5,0.568965517,33,0,0,74.1,7,0,0,0,19,10,2,3.8,0.58
Zander Horvath,57384,FB,LAC,15,1.6,0,0.714285714,0,0,1,0,0,0,2,27,0,45.8,71.6,55.1,40.7,46.9,0.227272727,10,0,5,0.159090909,7,44,0,5,0.727272727,32,0.090909091,4,113.7,7,2,0.090909091,4,8,1,0.2,1.6,0.25
Corey Clement,12253,HB,ARZ,4,-0.4,1,0.714285714,0,0,0,0,16.7,1,3,1,0,45.8,76.8,63.9,12.4,69.2,0,0,0,21,0.134615385,7,52,0,5,0.788461538,41,0.115384615,6,93.8,7,0,0.076923077,4,54,61,12.2,10.8,1.32
Phillip Lindsay,12660,HB,IND,3,2.6,1,0.857142857,1,1,1,0,0,0,0,14,0,74.6,77.2,64.3,68.8,60.3,0,0,0,7,0.244444444,11,45,0,6,0.688888889,31,0,0,79.2,7,0,0.066666667,3,19,12,2,3.2,0.61
Dax Milne,84147,WR,WAS,12,5.3,1,0.857142857,0,0,0,0,0,0,2,32,0,74.6,90.3,60.8,,61.8,0,0,0,12,0,0,37,0,6,0.945945946,35,0.540540541,20,128.3,7,1,0.459459459,17,37,14,2.3,6.2,1.06
Danny Gray,121926,WR,SF,12,24.5,0,0.166666667,0,0,1,0,0,0,1,28,0,64.7,64.6,53.8,,52.4,0,0,0,10,0,0,30,1,1,0.966666667,29,0.2,6,39.6,6,0,0.8,24,10,4,4,10,0.34
Gunner Olszewski,95015,WR,PIT,12,8.7,1,0.833333333,0.5,1,2,0,0,0,1,25,0,73.4,29.4,57.6,,54.5,0.012048193,1,0,31,0,0,83,0,5,0.963855422,80,0.807228916,67,103.5,6,0,0.180722892,15,53,15,3,10.6,0.66
Tyrie Cleveland,42134,WR,DEN,4,11.5,2,0.333333333,0,0,0,0,0,0,1,10,0,29.9,68.7,52,,51.9,0.021276596,1,1,16,0,0,47,0,2,0.85106383,40,0.276595745,13,9.7,6,0,0.70212766,33,28,17,8.5,14,0.7
Tyler Kroft,9518,TE,SF,11,10.7,0,0.666666667,0,0,0,0,0,0,2,28,0,72.1,67,64.7,60,53,0.767123288,56,0,28,0.178082192,13,73,1,4,0.780821918,57,0.136986301,10,97.2,6,0,0.095890411,7,57,14,3.5,14.3,1
Freddie Swain,26448,WR,DEN,4,10.5,0,0.666666667,0,0,0,0,0,0,3,10,0,72.1,16.4,61.8,,61.6,0,0,1,52,0,0,69,0,4,0.971014493,67,0.739130435,51,69.4,6,0,0.260869565,18,74,29,7.3,18.5,1.1
Jakob Johnson,32565,FB,LV,17,1,1,0.833333333,0,0,1,0,0,0,0,23,0,73.4,69.5,50.1,77.3,51.8,0.135416667,13,0,5,0.302083333,29,96,3,5,0.666666667,64,0,0,79.2,6,0,0.083333333,8,10,8,1.6,2,0.16
Tylan Wallace,61577,WR,BLT,8,15,1,0.666666667,1,1,1,0,0,0,1,3,0,72.1,67,57.3,,55,0,0,0,12,0,0,47,0,4,0.957446809,45,0.234042553,11,80.6,6,0,0.765957447,36,33,12,3,8.3,0.73
Charlie Kolar,60917,TE,BLT,1,8,0,0.666666667,0.5,1,2,0,0,0,3,3,0,72.1,67,74.8,,69.7,0.107142857,3,0,15,0,0,28,0,4,0.964285714,27,0.821428571,23,91.7,6,0,0.071428571,2,49,23,5.8,12.3,1.81
Malcolm Brown,9902,HB,LA,9,0,0,0.833333333,1,1,1,0,0,0,2,26,0,73.4,77.3,62.5,75.7,63.2,0,0,0,13,0.271428571,19,70,0,5,0.714285714,50,0.085714286,6,92.4,6,0,0.1,7,37,37,7.4,7.4,0.74
Boston Scott,39462,HB,PHI,15,-1.8,1,0.833333333,0,0,0,0,0,0,0,24,0,74.6,86.1,63,53.7,51.7,0,0,0,5,0.075268817,7,93,0,5,0.903225806,84,0.075268817,7,79.2,6,0,0.139784946,13,15,21,4.2,3,0.18
Malik Davis,57196,HB,DAL,5,-0.8,1,1,0,0,0,0,0,0,5,9,0,74.6,81.5,80.6,28.4,90.3,0,0,0,18,0.162162162,6,37,0,6,0.810810811,30,0.027027027,1,110.4,6,0,0.054054054,2,63,68,11.3,10.5,2.1
Armani Rogers,40034,TE,WAS,11,2,1,0.833333333,0,0,0,0,0,0,4,32,0,73.4,70,59.4,23.8,65.3,0.328358209,22,0,23,0.089552239,6,67,1,5,0.910447761,61,0.462686567,31,111.1,6,0,0.119402985,8,64,56,11.2,12.8,1.05
Myles Gaskin,45914,HB,MIA,2,2.7,3,0.666666667,0,0,1,0,0,0,0,17,0,72.1,74.4,66.5,75,62.1,0,0,0,16,0.04,1,25,0,4,0.88,22,0.12,3,77.1,6,0,0.12,3,28,20,5,7,1.27
Dennis Houston,61295,WR,DAL,2,14.3,1,0.333333333,1,2,2,0,0,0,0,9,0,68.3,64,54.6,,54.7,0,0,0,11,0,0,52,0,2,0.923076923,48,0.076923077,4,42.4,6,0,0.923076923,48,16,6,3,8,0.33
Dezmon Patmon,48329,WR,IND,1,14.5,0,0.333333333,0,0,1,0,33.3,1,1,14,0,29.9,64,55.4,,55.3,0,0,1,17,0,0,16,0,2,0.9375,15,0.3125,5,6.9,6,0,0.6875,11,24,7,3.5,12,1.6
Stone Smartt,60492,TE,LAC,7,4.8,0,0.8,0,0,0,0,0,0,1,27,0,72.1,67,51.6,80.7,54,0.2,10,0,8,0.04,2,50,0,4,0.96,48,0.5,25,80.8,5,0,0.3,15,17,6,1.5,4.3,0.35
Tyler Davis,47743,TE,GB,17,2.8,0,0.8,1,1,1,0,0,0,1,12,0,72.1,67,56.7,53.9,50.8,0.626865672,42,1,23,0.28358209,19,67,0,4,0.701492537,47,0.164179104,11,48.8,5,0,0.208955224,14,26,27,6.8,6.5,0.55
Kyle Rudolph,6195,TE,TB,9,10.6,0,0.6,0,0,0,0,25,1,2,30,0,36.2,65.8,40,67.6,49.7,0.813953488,35,0,12,0.023255814,1,43,1,3,0.953488372,41,0.11627907,5,115,5,1,0.069767442,3,28,3,1,9.3,0.68
Demetric Felton Jr.,40568,WR,CLV,5,3.8,0,0.4,0,0,0,0,0,0,0,8,0,68.3,76.7,50.8,,51.9,0,0,0,5,0,0,25,0,2,1,25,0.68,17,47.9,5,0,0.28,7,8,11,5.5,4,0.32
Stephen Sullivan,40411,TE,CAR,12,17.4,0,0.4,0,0,2,0,0,0,2,5,0,68.3,66.8,54.8,75.7,54.3,0.548780488,45,1,33,0.012195122,1,82,1,2,0.93902439,77,0.37804878,31,34.2,5,0,0.048780488,4,46,21,10.5,23,0.6
Ronnie Rivers,57208,HB,LA,2,-5,2,1,0,0,0,0,0,0,1,26,0,73.4,74.3,64.6,,80.6,0,0,0,14,0,0,13,0,5,1,13,0,0,90.8,5,0,0,0,29,54,10.8,5.8,2.23
Bryan Edwards,28486,WR,ATL,7,9.2,0,0.6,0,0,1,0,0,0,0,2,0,70.5,65.8,50.7,,50.8,0,0,1,10,0,0,53,0,3,0.981132075,52,0.20754717,11,25,5,0,0.79245283,42,15,11,3.7,5,0.29
Rashaad Penny,27414,HB,SEA,5,-2.2,1,0.8,0,0,0,0,0,0,2,29,0,73.4,50.8,70.2,43.9,55.6,0,0,0,6,0.178947368,17,95,0,4,0.768421053,73,0.073684211,7,80,5,0,0.126315789,12,16,27,6.8,4,0.22
Ross Dwelley,20994,TE,SF,7,13.6,0,0.6,0.5,1,2,0,0,0,3,28,0,70.5,65.8,60.4,53.5,63.1,0.37037037,20,0,56,0.055555556,3,54,0,3,0.87037037,47,0.444444444,24,143.8,5,1,0.148148148,8,105,45,15,35,2.23
Cody Hollister,12052,WR,TEN,10,15.8,0,0.6,1,1,1,0,0,0,2,31,0,70.5,65.8,61.7,65.2,60.7,0,0,1,27,0.018181818,1,55,2,3,0.890909091,49,0.145454545,8,57.5,5,0,0.854545455,47,54,8,2.7,18,1.1
Keaontay Ingram,77761,HB,ARZ,10,-2.6,4,0.8,0,0,0,0,20,1,1,1,0,42.1,79.1,48.1,27.1,49.1,0.016393443,1,0,24,0.098360656,6,61,0,4,0.852459016,52,0.147540984,9,84.2,5,0,0.06557377,4,21,34,8.5,5.3,0.4
Derek Watt,10832,FB,PIT,9,2.2,0,1,0,0,0,0,0,0,1,25,0,73.4,74.3,73.4,73.9,69.5,0.333333333,6,0,5,0.111111111,2,18,0,5,0.888888889,16,0.166666667,3,118.8,5,1,0.055555556,1,11,4,0.8,2.2,0.69
Kevin White,9440,WR,NO,7,18,1,0.4,0,0,2,0,33.3,1,2,20,0,29.9,64,54.4,,52.8,0,0,1,64,0,0,78,0,2,0.961538462,75,0.217948718,17,47.9,5,0,0.782051282,61,74,68,34,37,0.99
Andy Isabella,47448,WR,BLT,4,14,0,0.4,0,0,1,0,0,0,2,3,0,68.3,66.2,51.2,,54.5,0,0,0,11,0,0,49,1,2,0.979591837,48,0.326530612,16,52.9,5,0,0.673469388,33,21,5,2.5,10.5,0.44
Devin Asiasi,40294,TE,CIN,8,13.8,0,0.5,0,0,0,0,0,0,0,7,0,68.3,66.8,45.6,57.1,42,0.881355932,52,0,6,0.254237288,15,59,2,2,0.677966102,40,0.050847458,3,56.3,4,0,0.050847458,3,5,0,0,2.5,0.13
Juwann Winfree,38275,WR,GB,3,13.5,0,0.25,0,0,0,0,50,1,1,12,0,29.9,64,52.1,,52.3,0,0,0,17,0,0,28,0,1,0.928571429,26,0.571428571,16,44.8,4,0,0.428571429,12,17,5,5,17,0.65
Spencer Brown,57441,HB,CAR,2,0,1,0.5,0,0,0,0,33.3,1,0,5,0,29.9,73.4,57.6,43.6,42,0,0,0,9,0.181818182,4,22,0,2,0.818181818,18,0.045454545,1,56.3,4,0,0,0,10,12,6,5,0.56
Keith Kirkwood,48017,WR,NO,5,13.8,0,0.5,0.5,1,2,0,33.3,1,1,20,0,29.9,64,54.5,,47.4,0.01369863,1,0,14,0,0,73,1,2,0.95890411,70,0.643835616,47,62.5,4,0,0.342465753,25,18,3,1.5,9,0.26
Jesper Horsted,91465,TE,LV,7,6.8,0,0.75,0.5,1,2,0,0,0,0,23,0,70.5,65.8,59.6,73,57.1,0.342857143,12,0,9,0.142857143,5,35,0,3,0.742857143,26,0.514285714,18,84.4,4,0,0.142857143,5,19,5,1.7,6.3,0.73
Luke Farrell,42353,TE,JAX,11,0.5,1,1,0,0,0,0,0,0,3,15,0,72.1,67,70.8,78.2,82.6,0.769230769,20,0,15,0.346153846,9,26,0,4,0.615384615,16,0.153846154,4,108.3,4,0,0.076923077,2,40,38,9.5,10,2.5
Simi Fehoko,84424,WR,DAL,4,12.8,0,0.75,0.5,1,2,0,0,0,1,9,0,70.5,65.8,55.7,,59.5,0,0,0,12,0,0,24,1,3,0.958333333,23,0.375,9,89.6,4,0,0.625,15,24,10,3.3,8,1.04
Chris Evans,27303,HB,CIN,8,14,0,0.75,1,2,2,0,0,0,2,7,0,70.5,76.2,72.5,77.5,75,0,0,0,26,0.117647059,2,17,1,3,0.823529412,14,0.411764706,7,143.8,4,1,0.411764706,7,38,7,2.3,12.7,2.71
Lance McCutcheon,61478,WR,LA,8,14.3,0,0,0,0,2,0,,0,0,26,0,,,47.8,,47.4,0,0,0,0,0,0,31,0,0,0.935483871,29,0.193548387,6,39.6,4,0,0.806451613,25,0,0,,,0
David Johnson,9519,HB,NO,5,0.5,0,1,0,0,0,0,0,0,3,20,0,72.1,23.6,51.3,37.4,69.9,0,0,0,21,0.142857143,5,35,0,4,0.857142857,30,0,0,115.6,4,0,0.057142857,2,47,45,11.3,11.8,1.57
Ty Montgomery,9527,HB,NE,1,2.8,0,0.75,0,0,0,0,0,0,1,19,0,70.5,70.1,63.9,82.7,71.8,0,0,0,7,0.352941176,6,17,0,3,0.647058824,11,0,0,119.8,4,1,0,0,15,8,2.7,5,1.36
Cade Johnson,42109,WR,SEA,2,8.5,0,0.5,0,0,1,0,0,0,2,29,0,68.3,64,62.3,62.4,61.3,0.026315789,1,0,11,0.026315789,1,38,0,2,0.947368421,36,0.684210526,26,65.6,4,0,0.289473684,11,21,7,3.5,10.5,0.58
Jalen Guyton,34164,WR,LAC,3,28.3,0,0.5,0.5,1,2,0,0,0,2,27,0,68.3,64,72.3,,67.1,0,0,0,54,0,0,19,0,2,1,19,0.157894737,3,95.8,4,0,0.842105263,16,64,8,4,32,3.37
Jalen Virgil,41991,WR,DEN,8,18.3,0,0.5,0,0,0,0,0,0,2,10,0,68.3,14.3,59.1,,58.5,0,0,0,66,0,0,45,0,2,0.955555556,43,0.222222222,10,135.4,4,1,0.777777778,35,75,43,21.5,37.5,1.74
Ke'Shawn Vaughn,45866,HB,TB,6,-2.8,0,0.75,0,0,0,0,0,0,1,30,0,72.1,76.9,57.6,69.5,70.3,0,0,0,11,0.3,6,20,0,3,0.65,13,0,0,84.4,4,0,0.05,1,19,28,9.3,6.3,1.46
Penny Hart,13534,WR,SEA,7,7.8,1,0.75,1,1,1,2,0,0,1,29,0,70.5,65.8,55.5,,59.1,0,0,0,15,0,0,23,2,3,0.869565217,20,0.608695652,14,85.4,4,0,0.391304348,9,20,12,4,6.7,1
Austin Trammell,52195,WR,LA,5,7,0,0.5,0,0,1,0,0,0,1,26,0,68.3,64,63.5,68.7,62.3,0,0,0,8,0.058823529,2,34,0,2,0.882352941,30,0.529411765,18,57.3,4,0,0.470588235,16,13,0,0,6.5,0.43
Tim Jones,61669,WR,JAX,14,1.3,2,0.75,0,0,0,0,25,1,1,15,0,36.8,65.8,51,,49.8,0.015625,1,0,20,0,0,64,0,3,0.921875,59,0.203125,13,95.8,4,0,0.78125,50,30,22,7.3,10,0.51
Marcus Jones,55717,CB,NE,5,-4.3,3,1,0,0,0,0,0,0,3,19,0,73.4,89.8,90.7,,90.2,0,0,0,48,0,0,14,0,4,0.785714286,11,0.714285714,10,158.3,4,1,0.214285714,3,78,95,23.8,19.5,7.09
Ihmir Smith-Marsette,61324,WR,KC,5,8.7,1,0.333333333,0,0,0,0,50,1,0,16,1,28.8,14.4,44,70.2,42.1,0.027777778,1,0,15,0.027777778,1,36,1,1,0.888888889,32,0.277777778,10,50.7,3,0,0.694444444,25,15,5,5,15,0.47
Braylon Sanders,61457,WR,MIA,3,13.3,0,0.666666667,0,0,0,0,0,0,0,17,1,68.3,13.3,50.6,,48.6,0,0,0,13,0,0,19,0,2,1,19,0.263157895,5,81.3,3,0,0.736842105,14,17,4,2,8.5,0.89
Jalen Tolbert,61637,WR,DAL,7,15.7,0,0.666666667,1,1,1,0,0,0,0,9,0,68.3,64,48.7,62.3,50.7,0,0,0,8,0.022727273,1,44,1,2,0.909090909,40,0.113636364,5,74.3,3,0,0.886363636,39,12,0,0,6,0.3
Adam Prentice,35639,FB,NO,10,-3.3,0,1,0,0,0,0,0,0,1,20,1,70.5,18.2,54,76.5,33.6,0.085714286,3,0,4,0.371428571,13,35,0,3,0.6,21,0.057142857,2,79.2,3,0,0.085714286,3,9,19,6.3,3,0.43
Elijah Mitchell,57272,HB,SF,5,-3.3,1,1,0,0,0,0,0,0,0,28,0,70.5,82.1,90.6,72.4,78.4,0,0,0,5,0.04,1,25,1,3,0.96,24,0.2,5,79.2,3,0,0.08,2,7,17,5.7,2.3,0.29
Jason Cabinda,50714,FB,DET,8,5.7,0,0.333333333,0,0,0,0,50,1,1,11,0,28.9,64.6,48.5,52.1,39.5,0.073170732,3,0,5,0.365853659,15,41,1,1,0.56097561,23,0.146341463,6,42.4,3,0,0.146341463,6,5,2,2,5,0.22
Miles Boykin,48209,WR,PIT,11,14.7,0,0.666666667,1,1,1,0,0,0,1,25,0,68.3,64,63.1,62.1,57.1,0.064516129,2,0,11,0.032258065,1,31,1,2,0.935483871,29,0.258064516,8,72.9,3,0,0.677419355,21,11,0,0,5.5,0.38
Michael Burton,9601,FB,KC,12,-0.7,0,0.666666667,0,0,0,0,0,0,0,16,0,68.3,72.8,70.8,67.5,71.6,0.222222222,4,0,9,0.555555556,10,18,0,2,0.388888889,7,0,0,72.9,3,0,0,0,11,8,4,5.5,1.57
Trevon Wesco,42018,TE,CHI,11,4.7,1,0.666666667,0,0,0,0,33.3,1,1,6,0,36.2,65.8,66.7,78,53.2,0.836363636,46,0,23,0.345454545,19,55,1,2,0.618181818,34,0.109090909,6,93.8,3,0,0.018181818,1,26,14,7,13,0.76
Nsimba Webster,48107,WR,CHI,1,7,0,0.666666667,0,0,1,0,0,0,1,6,1,68.3,13.3,46.6,,48.2,0,0,0,8,0,0,7,0,2,1,7,0,0,77.1,3,0,1,7,14,5,2.5,7,2
Lil'Jordan Humphrey,42247,WR,NE,5,5.7,0,0.666666667,0,0,0,0,0,0,0,19,0,68.3,64,57.8,,53.1,0.02173913,1,0,11,0,0,46,1,2,0.956521739,44,0.804347826,37,85.4,3,0,0.173913043,8,20,15,7.5,10,0.45
Tevin Coleman,9506,HB,SF,3,8,0,1,1,1,1,0,0,0,2,28,0,70.5,75.4,68.3,29.4,83.3,0,0,0,30,0.055555556,1,18,0,3,0.888888889,16,0.222222222,4,158.3,3,1,0.111111111,2,44,20,6.7,14.7,2.75
Maxx Williams,9488,TE,ARZ,11,4,0,1,1,2,2,0,0,0,0,1,0,70.5,65.8,56.6,56.6,49.6,0.788732394,56,0,7,0.352112676,25,71,1,3,0.61971831,44,0.098591549,7,91.7,3,0,0.014084507,1,18,6,2,6,0.41
D'Ernest Johnson,45734,HB,CLV,4,-0.3,0,1,0,0,0,0,0,0,0,8,0,70.5,71.7,66.1,82.1,58.4,0.041666667,1,0,7,0.166666667,4,24,0,3,0.791666667,19,0.083333333,2,79.2,3,0,0,0,7,8,2.7,2.3,0.37
Isaiah Spiller,99146,HB,LAC,5,-3.3,1,1,0,0,0,0,0,0,0,27,0,70.5,77,49.8,22.5,63.6,0,0,0,8,0.266666667,8,30,0,3,0.733333333,22,0.033333333,1,84.7,3,0,0,0,13,23,7.7,4.3,0.59
Julius Chestnut,109239,HB,TEN,3,0.3,1,1,0,0,0,0,0,0,1,31,0,70.5,78.3,63.4,72.4,71.6,0,0,0,33,0.052631579,1,19,0,3,0.947368421,18,0.052631579,1,118.8,3,0,0,0,41,40,13.3,13.7,2.28
Ben Ellefson,27766,TE,MIN,4,5.3,0,1,0,0,0,0,0,0,2,18,0,70.5,65.8,79.1,72.2,89.5,0.9,18,0,12,0.65,13,20,0,3,0.3,6,0,0,102.8,3,0,0.05,1,26,10,3.3,8.7,4.33
Quintez Cephus,29614,WR,DET,4,5.3,0,0.666666667,0,0,0,0,0,0,1,11,0,68.3,64,68,,63.6,0,0,0,9,0,0,25,0,2,0.84,21,0.28,7,78.5,3,0,0.68,17,15,4,2,7.5,0.71
Jonathan Ward,25859,HB,TEN,2,1.3,1,0.666666667,0,0,0,0,0,0,1,31,0,68.3,71.9,73.1,,71.5,0,0,0,4,0,0,5,0,2,1,5,0,0,70.1,3,0,0.2,1,7,4,2,3.5,1.4
Drew Sample,47259,TE,CIN,2,-1,0,1,0,0,0,0,0,0,0,7,0,68.3,64,52.3,56.4,53.9,0.666666667,14,0,2,0.428571429,9,21,0,2,0.571428571,12,0,0,79.2,2,0,0.19047619,4,-2,0,0,-1,-0.17
Blake Bell,9550,TE,KC,3,5.5,0,1,0,0,0,0,0,0,1,16,0,68.3,64,61.7,69.3,63.9,0.846153846,11,0,17,0.076923077,1,13,0,2,0.923076923,12,0.153846154,2,147.9,2,1,0,0,20,9,4.5,10,1.67
Dareke Young,111900,WR,SEA,10,0,1,1,0,0,0,0,0,0,2,29,0,70.5,65.8,58.9,67.4,61.9,0,0,0,12,0.054054054,2,37,1,2,0.837837838,31,0.378378378,14,116.7,2,0,0.594594595,22,24,24,12,12,0.77
Tanner Conner,22777,TE,MIA,6,6.5,0,0,0,0,0,0,100,2,0,17,0,25.5,,30.9,,29.3,0.5,7,0,0,0,0,14,0,0,0.785714286,11,0.071428571,1,39.6,2,0,0.428571429,6,0,0,,,0
Kene Nwangwu,40547,HB,MIN,3,0,0,1,0,0,0,0,0,0,1,18,0,68.3,84.8,56.4,11.2,73.3,0,0,0,16,0.222222222,2,9,0,2,0.777777778,7,0,0,110.4,2,0,0,0,21,21,10.5,10.5,3
Keith Smith,9302,FB,ATL,16,1,0,0.5,0,0,0,0,0,0,0,2,0,64.7,70.5,53.8,56,51.5,0.184210526,14,0,8,0.486842105,37,76,0,1,0.473684211,36,0.065789474,5,60.4,2,0,0.105263158,8,8,8,8,8,0.22
Trayveon Williams,45775,HB,CIN,5,10,1,1,0,0,0,0,0,0,1,7,0,68.3,80,82.9,80.9,82.1,0,0,0,24,0.181818182,4,22,0,2,0.772727273,17,0.090909091,2,118.8,2,0,0.136363636,3,30,10,5,15,1.76
Richard Rodgers,8733,TE,LAC,10,4.5,1,0.5,0,0,0,1,0,0,0,27,0,64.7,61.2,44.8,82.3,46.7,0.795454545,35,0,4,0.409090909,18,44,1,1,0.590909091,26,0.045454545,2,56.3,2,0,0.136363636,6,4,3,3,4,0.15
John Brown,8726,WR,BUF,3,43.5,0,0.5,0,0,1,0,0,0,1,4,0,64.7,61.2,74.7,,73.9,0,0,0,42,0,0,11,0,1,0.909090909,10,0,0,135.4,2,1,1,11,42,0,0,42,4.2
Jaelon Darden,61522,WR,CLV,8,5.5,0,1,0,0,0,0,0,0,1,8,0,68.3,89,52.9,,57.2,0,0,0,25,0,0,43,1,2,0.930232558,40,0.395348837,17,118.8,2,0,0.604651163,26,26,15,7.5,13,0.65
Pharoh Cooper,10751,WR,ARZ,3,-3,0,1,0,0,0,0,0,0,0,1,0,68.3,83.4,46.8,,55.5,0,0,0,3,0,0,13,1,2,1,13,0.615384615,8,79.2,2,0,0.230769231,3,6,12,6,3,0.46
Giovani Bernard,7818,HB,TB,1,-4,1,1,0,0,0,0,0,0,0,30,0,68.3,22.1,48.1,31.1,57,0,0,0,6,0.235294118,4,17,0,2,0.764705882,13,0.058823529,1,79.2,2,0,0,0,-1,7,3.5,-0.5,-0.08
Daylen Baldwin,64309,WR,CLV,1,12.5,0,1,1,1,1,0,0,0,2,8,0,68.3,64,83.3,,81.2,0,0,0,15,0,0,5,0,2,1,5,0.2,1,118.8,2,0,0.8,4,25,0,0,12.5,5
Tyrion Davis-Price,99169,HB,SF,4,0,0,0,0,0,0,0,,0,0,28,0,,80.4,53.6,,49.3,0.034482759,1,0,0,0,0,29,0,0,0.965517241,28,0.103448276,3,39.6,2,0,0.137931034,4,0,0,,,0
Caleb Huntley,57156,HB,ATL,11,-2.5,0,1,0,0,0,0,0,0,0,2,0,68.3,57.3,86.9,39.9,53.4,0,0,0,2,0.142857143,5,35,0,2,0.828571429,29,0.028571429,1,79.2,2,0,0.028571429,1,3,8,4,1.5,0.1
Charlie Woerner,42257,TE,SF,12,21.5,0,0,0,0,0,0,100,1,0,28,0,27.9,,41.8,67.8,37.2,0.672727273,37,0,0,0.290909091,16,55,1,0,0.654545455,36,0.218181818,12,39.6,2,0,0.109090909,6,0,0,,,0
Larry Rountree III,57308,HB,LAC,3,-7.5,0,1,0,0,0,0,0,0,1,27,0,68.3,75.5,55.1,73,75.6,0,0,0,13,0.142857143,1,7,0,2,0.857142857,6,0,0,95.8,2,0,0,0,14,29,14.5,7,2.33
Sean McKeon,42266,TE,DAL,11,2,0,1,0,0,0,0,0,0,1,9,0,68.3,64,48.8,80,60.4,0.733333333,22,0,10,0.366666667,11,30,0,2,0.633333333,19,0,0,89.6,2,0,0.033333333,1,11,7,3.5,5.5,0.58
Justin Herbert,28237,QB,LAC,17,-7,0,1,0,0,0,1,33.3,1,0,27,6,,72,78.6,,60,0,0,0,-2,0,0,792,2,2,0.001262626,1,0,0,79.2,2,0,0,0,-10,4,2,-5,-10
Mason Schreck,12007,TE,HST,3,3.5,0,1,1,1,1,0,0,0,0,13,0,68.3,64,53.6,66,48,0.90625,29,0,6,0.25,8,32,0,2,0.71875,23,0.03125,1,79.2,2,0,0.0625,2,6,-1,-0.5,3,0.26
Benny Snell Jr.,45954,HB,PIT,3,-1.5,1,1,0,0,0,0,0,0,1,25,0,68.3,78.6,84,35.6,74.2,0,0,0,11,0.25,5,20,0,2,0.65,13,0,0,102.1,2,0,0,0,17,20,10,8.5,1.31
Mike Davis,9559,HB,BLT,7,-3.5,0,1,0,0,0,0,0,0,0,3,0,68.3,20.6,42.7,81,55.9,0,0,0,7,0.136363636,3,22,0,2,0.818181818,18,0.181818182,4,79.2,2,0,0.045454545,1,4,11,5.5,2,0.22
Kendall Blanton,47311,TE,LA,4,6,0,1,0,0,0,0,0,0,1,26,0,68.3,64,70.1,75.5,83.4,0.769230769,10,0,28,0.307692308,4,13,0,2,0.692307692,9,0.076923077,1,118.8,2,0,0.153846154,2,35,23,11.5,17.5,3.89
Anthony McFarland Jr.,57289,HB,PIT,1,-1.5,0,1,0,0,0,0,0,0,1,25,0,68.3,72.3,71.5,,65.4,0,0,0,12,0,0,11,0,2,1,11,0.090909091,1,89.6,2,0,0,0,11,14,7,5.5,1
Deonte Harty,91470,WR,NO,4,2.5,0,1,0,0,0,0,0,0,0,20,0,68.3,26,47.9,,49.3,0,0,0,9,0,0,16,0,2,1,16,0.375,6,93.8,2,0,0.625,10,13,8,4,6.5,0.81
Jason Moore,91472,WR,LAC,6,13,0,0.5,0,0,1,0,0,0,0,27,0,64.7,61.2,50.1,,50.3,0.026315789,1,0,5,0,0,38,0,1,0.921052632,35,0.157894737,6,56.3,2,0,0.815789474,31,5,0,0,5,0.14
Jeremy Ruckert,84029,TE,NYJ,3,4,0,0.5,0,0,0,0,50,1,0,22,0,28.8,61.2,56.1,78.5,37.1,0.722222222,13,0,8,0.166666667,3,18,0,1,0.777777778,14,0.111111111,2,60.4,2,0,0.055555556,1,8,2,2,8,0.57
Feleipe Franks,40217,QB,ATL,8,27,0,0,0,0,1,0,,0,0,2,0,,61.9,47.5,74.3,46,0.153846154,4,0,0,0.115384615,3,26,1,0,0.884615385,23,0.461538462,12,39.6,2,0,0.307692308,8,0,0,,,0
J.J. Taylor,25512,HB,NE,1,3,1,1,0,0,0,0,0,0,0,19,0,64.7,73.6,51.3,,70.8,0,0,0,8,0,0,7,0,1,1,7,0,0,100,1,0,0,0,8,5,5,8,1.14
Tommy Sweeney,47216,TE,BUF,4,-1,0,1,0,0,0,0,0,0,1,4,0,64.7,61.2,56.3,21.4,56.9,0.576923077,15,0,7,0.192307692,5,26,1,1,0.807692308,21,0.192307692,5,95.8,1,0,0.038461538,1,7,8,8,7,0.33
Khari Blasingame,44889,FB,CHI,16,-3,0,0,0,0,0,0,,0,0,6,0,,,59.6,79.4,43.6,0.303571429,17,0,0,0.375,21,56,0,0,0.571428571,32,0.125,7,39.6,1,0,0.071428571,4,0,0,,,0
Maurice Alexander,33465,WR,DET,3,2,0,1,0,0,0,0,0,0,0,11,0,64.7,72.9,57.2,,57.5,0,0,0,7,0,0,6,0,1,0.833333333,5,0.166666667,1,95.8,1,0,0.833333333,5,7,5,5,7,1.4
Tom Brady,698,QB,TB,17,15,0,0,0,0,0,0,,0,0,30,3,,78.8,79.7,,59.9,0,0,1,0,0,0,809,3,0,0.001236094,1,0,0,0,1,0,0.001236094,1,0,0,,,0
Ronald Jones,34001,HB,KC,4,0,0,1,0,0,0,0,0,0,1,16,0,64.7,76.4,70.1,,61.9,0,0,0,22,0,0,17,0,1,1,17,0.058823529,1,118.8,1,0,0,0,22,22,22,22,1.29
Tyler Mabry,25705,TE,SEA,1,5,0,1,0,0,0,0,0,0,1,29,0,64.7,61.2,82.2,,84.6,0.5,1,0,7,0,0,2,0,1,1,2,0,0,135.4,1,1,0.5,1,7,2,2,7,3.5
David Bakhtiari,7891,T,GB,11,4,0,0,0,0,0,1,,0,0,12,0,,,79.8,87.8,60,0,0,1,0,0.997058824,339,340,5,0,0.002941176,1,0,0,0,1,0,0,0,0,0,,,0
Tanner Gentry,12170,WR,BUF,3,7,0,0,0,0,0,0,,0,0,4,0,,,46.9,,52.6,0,0,0,0,0,0,11,0,0,1,11,0.181818182,2,39.6,1,0,0.818181818,9,0,0,,,0
Tyron Johnson,34427,WR,HST,4,-2,0,1,0,0,0,0,0,0,0,13,0,64.7,65.7,54.2,,53.6,0,0,0,8,0,0,19,0,1,0.947368421,18,0,0,100,1,0,1,19,8,10,10,8,0.44
Kirk Merritt,35096,WR,NO,3,22,0,0,0,0,0,0,,0,0,20,0,,,55,,55.3,0,0,0,0,0,0,8,0,0,0.875,7,0.375,3,39.6,1,0,0.625,5,0,0,,,0
C.J. Board,12088,WR,TEN,1,6,0,1,0,0,0,0,0,0,0,31,0,64.7,28.7,54.4,,54.6,0,0,0,6,0,0,10,0,1,1,10,0.2,2,91.7,1,0,0.8,8,6,0,0,6,0.6
Keke Coutee,47698,WR,IND,2,10,0,1,0,0,0,0,0,0,0,14,1,64.7,30,37.5,,43.9,0,0,0,20,0,0,2,0,1,1,2,1,2,118.8,1,0,0,0,20,10,10,20,10
Josh Gordon,7618,WR,TEN,2,13,0,0,0,0,0,0,,0,0,31,0,,,47,,53.2,0,0,0,0,0,0,10,1,0,0.9,9,0.4,4,39.6,1,0,0.6,6,0,0,,,0
Jaret Patterson,77745,HB,WAS,1,4,0,0,0,0,0,0,,0,0,32,0,64.7,78.1,60.9,,56.5,0,0,0,0,0,0,12,0,0,0.833333333,10,0,0,39.6,1,0,0.083333333,1,0,0,,,0
Salvon Ahmed,57472,HB,MIA,6,1,0,1,0,0,0,0,0,0,0,17,0,64.7,74.5,78.1,78.9,56,0,0,0,8,0.3,6,20,0,1,0.6,12,0.25,5,100,1,0,0.05,1,8,7,7,8,0.67
Devine Ozigbo,45903,HB,DEN,3,-5,0,1,0,0,0,0,0,0,0,10,0,64.7,68.2,53.5,74.4,61.5,0,0,0,3,0.166666667,1,6,0,1,0.833333333,5,0,0,79.2,1,0,0,0,3,8,8,3,0.6
Patrick Mahomes,11765,QB,KC,17,-7,0,1,0,0,0,0,0,0,0,16,2,,83.4,91.3,,,,0,0,6,0,0,768,1,1,0,0,0,0,91.7,1,0,0,0,6,13,13,6,
Ty'Son Williams,38287,HB,ARZ,1,-2,0,1,0,0,0,0,0,0,0,1,0,64.7,61.2,61.7,,64.5,,0,0,5,0,0,2,0,1,1,2,0,0,87.5,1,0,0,0,5,7,7,5,2.5
Jacob Harris,34255,WR,LA,2,3,0,1,0,0,0,0,0,0,1,26,0,64.7,61.2,73.7,,75.9,,0,0,6,0,0,2,0,1,1,2,0,0,91.7,1,0,0,0,6,3,3,6,3
Dwayne Washington,10870,HB,NO,6,1,0,1,0,0,0,0,0,0,0,20,0,64.7,76.4,64.2,65.8,57,,0,0,7,0.076923077,1,13,0,1,0.846153846,11,0,0,95.8,1,0,0.076923077,1,7,6,6,7,0.64
Erik Ezukanma,78148,WR,MIA,1,-4,0,1,0,0,0,0,0,0,0,17,0,64.7,61.2,59.7,,59.6,,0,0,3,0,0,3,0,1,1,3,0.666666667,2,79.2,1,0,0.333333333,1,3,7,7,3,1
Penei Sewell,81788,T,DET,17,2,0,1,0,0,0,1,0,0,1,11,0,64.7,61.2,80.6,74.2,76.3,,1,0,9,0.996992481,663,665,10,1,0.001503759,1,0.003007519,2,104.2,1,0,0,0,9,7,7,9,9
Zach Wilson,82096,QB,NYJ,9,4,0,1,0,0,0,0,0,0,1,22,1,64.7,80.6,46.6,,90.6,,0,0,2,0,0,290,1,1,0.003448276,1,0,0,118.8,1,1,0,0,2,0,0,2,2
Kamu Grugier-Hill,10842,LB,ARZ,1,0,0,1,0,0,0,0,0,0,1,1,0,64.7,61.2,89.6,,90.3,,0,0,4,0,0,1,0,1,1,1,0,0,83.3,1,0,0,0,4,4,4,4,4
Jeff Driskel,10841,QB,HST,6,-2,0,1,0,0,0,0,0,0,0,13,0,64.7,80.7,68,,57.3,,0,0,4,0,0,29,0,1,0.172413793,5,0,0,83.3,1,0,0.172413793,5,4,6,6,4,0.8
Mason Kinsey,115664,WR,TEN,1,3,0,1,0,0,0,0,0,0,0,31,0,64.7,72.9,55.8,,55.9,,0,0,3,0,0,9,0,1,1,9,0.888888889,8,79.2,1,0,0.111111111,1,3,0,0,3,0.33
Tyler Badie,83714,HB,DEN,1,-7,0,1,0,0,0,0,0,0,1,10,0,64.7,64.6,61.2,,68.9,,0,0,24,0,0,5,0,1,0.8,4,0,0,158.3,1,1,0.2,1,24,31,31,24,6
Patrick Taylor,40448,HB,GB,5,-1,0,1,0,0,0,0,0,0,1,12,0,64.7,73.6,61.6,24.2,74.9,,2,0,17,0.214285714,3,14,0,1,0.785714286,11,0,0,118.8,1,0,0.071428571,1,17,18,18,17,1.55
Noah Togiai,47282,TE,PHI,1,3,0,0,0,0,0,0,100,1,0,24,0,27.9,,26.7,20.4,28.1,,4,0,0,0.5,2,4,0,0,0.5,2,0,0,39.6,1,0,0,0,0,0,,,0
Bailey Zappe,60396,QB,NE,4,-8,0,1,0,0,0,0,0,0,0,19,2,,26.1,67.1,,,,0,0,-6,0,0,109,3,1,0,0,0,0,79.2,1,0,0,0,-6,2,2,-6,
Josh Ali,61359,WR,ATL,2,49,0,0,0,0,0,0,,0,0,2,0,,,55.6,,56.2,,0,0,0,0,0,5,0,0,1,5,0.8,4,39.6,1,0,0.2,1,0,0,,,0
Jared Goff,10635,QB,DET,17,-7,0,1,0,0,0,0,0,0,0,11,6,,64.3,72.4,,58.4,,0,0,5,0,0,664,1,1,0,0,0,0,87.5,1,0,0,0,5,12,12,5,
Godwin Igwebuike,49166,HB,SEA,1,2,0,1,0,0,0,0,0,0,0,29,0,64.7,77.3,66.4,,65.4,,0,0,3,0,0,1,0,1,1,1,0,0,79.2,1,0,0,0,3,1,1,3,3
Jake Gervase,49103,LB,LA,2,6,0,1,0,0,0,0,0,0,1,26,0,64.7,65.7,77.6,62.7,90.3,,0,0,12,0.5,1,2,0,1,0.5,1,0,0,116.7,1,0,0,0,12,6,6,12,12
Darrynton Evans,40692,HB,CHI,4,2,1,1,0,0,0,0,0,0,1,6,0,68.3,75.5,54.2,76.3,60.4,,2,0,33,0.125,4,32,0,1,0.84375,27,0.15625,5,118.8,1,0,0,0,33,31,31,33,1.22
Jalen Camp,40986,WR,HST,2,7,0,1,1,1,1,0,0,0,1,13,0,64.7,61.2,67,,67.8,,0,0,7,0,0,8,0,1,0.875,7,0.375,3,95.8,1,0,0.625,5,7,0,0,7,1
Frank Darby,40988,WR,ATL,4,15,0,1,0,0,0,0,0,0,1,2,0,64.7,61.2,62,,59.2,,0,0,15,0,0,23,0,1,0.913043478,21,0.173913043,4,118.8,1,0,0.826086957,19,15,0,0,15,0.71
DJ Turner,47663,WR,LV,6,-3,0,0,0,0,0,0,100,1,0,23,0,27.9,75,41.8,,42,,0,0,0,0,0,8,0,0,1,8,0.5,4,39.6,1,0,0.5,4,0,0,,,0
Gus Edwards,46027,HB,BLT,9,3,0,0,0,0,0,0,,0,0,3,0,,60,83.3,59.5,49.9,,0,0,0,0.302325581,13,43,0,0,0.697674419,30,0.069767442,3,39.6,1,0,0.046511628,2,0,0,,,0
KaVontae Turpin,47658,WR,DAL,12,4,0,1,0,0,0,0,0,0,0,9,0,64.7,90.2,52.3,,51.7,,0,0,9,0,0,26,0,1,0.961538462,25,0.884615385,23,104.2,1,0,0.115384615,3,9,5,5,9,0.36
Stanley Morgan,48110,WR,CIN,8,0,0,0,0,0,0,0,,0,0,7,0,,,66.4,68.1,51.8,,2,0,0,0.058823529,1,17,0,0,0.823529412,14,0.235294118,4,39.6,1,0,0.647058824,11,0,0,,,0
James Washington,47792,WR,DAL,2,6,0,0,0,0,1,0,,0,0,9,0,,,52.3,,53.8,,0,0,0,0,0,10,0,0,0.9,9,0,0,39.6,1,0,1,10,0,0,,,0
Cody White,61448,WR,PIT,1,1,0,1,0,0,0,0,0,0,0,25,0,64.7,61.2,71.1,,61,,0,0,2,0,0,1,0,1,1,1,1,1,79.2,1,0,0,0,2,1,1,2,2
Russell Wilson,7077,QB,DEN,15,7,0,1,0,0,0,0,0,0,0,10,4,,85.5,66.2,,,,0,0,1,0,0,613,4,1,0,0,0,0,79.2,1,0,0,0,1,-6,-6,1,
Jake Tonges,60864,TE,CHI,3,14,0,0,0,0,0,0,,0,0,6,0,,,52.5,,55.7,,1,0,0,0,0,3,0,0,1,3,0.333333333,1,39.6,1,0,0.333333333,1,0,0,,,0
